start_ts,end_ts,duration_s,act_px_x,act_px_y,return_code
1759683544.173,1759683563.842,19.669,1.096,-0.244,0,0.000,0.500,0.000,0.000,0.000,0.000,1,0.000
1759683563.844,1759683583.455,19.611,2.311,0.594,0,0.000,0.500,0.000,0.000,0.000,0.000,1,0.000
1759683583.456,1759683603.033,19.577,0.226,2.378,0,0.000,0.500,0.000,0.000,0.000,0.000,1,0.000
1759683603.034,1759683622.602,19.568,1.225,3.046,0,0.000,0.500,0.000,0.000,0.000,0.000,1,0.000
1759683622.603,1759683642.139,19.536,-0.508,2.239,0,0.000,0.500,0.000,0.000,0.000,0.000,1,0.000
1759683642.141,1759683646.800,4.659,-0.923,3.498,0,0.000,0.500,0.000,0.000,0.000,0.000,1,0.000
1759683646.801,1759683651.407,4.606,-0.163,4.089,0,0.000,0.500,0.000,0.000,0.000,0.000,1,0.000
1759685477.184,1759685496.806,19.621,1.096,-0.244,0,0.000,0.500,0.000,0.000,0.000,0.000,1,0.000
1759685496.807,1759685516.315,19.508,2.311,0.594,0,0.000,0.500,0.000,0.000,0.000,0.000,1,0.000
1759686042.584,1759686062.186,19.603,4.383,-0.978,0,0.000,0.500,0.000,0.000,0.000,0.000,1,0.000
1759686062.190,1759686081.763,19.574,9.244,2.376,0,0.000,0.500,0.000,0.000,0.000,0.000,1,0.000
1759686081.766,1759686101.269,19.503,0.902,9.510,0,0.000,0.500,0.000,0.000,0.000,0.000,1,0.000
1759686101.271,1759686127.882,26.611,4.900,12.185,0,0.000,0.500,0.000,0.000,0.000,0.000,1,0.000
1759686127.885,1759686147.450,19.565,-2.030,8.954,0,0.000,0.500,0.000,0.000,0.000,0.000,1,0.000
1759687718379,1759687718.380,1759687738.155,19.775,4.383,-0.978,0,-44.281,-2.422,0.000,0.000,-15.100,0.000,1,0.000,C:\Users\Symbol\software\game_store\steam\steamapps\common\Getting Over It\src\Data\input_commands.csv,C:\Users\Symbol\software\game_store\steam\steamapps\common\Getting Over It\src\Data\GameResults\ContinuousTracking_latest.csv
1759687738156,1759687738.158,1759687757.786,19.629,5.738,3.158,0,-44.281,-2.422,0.000,0.000,13.100,0.000,1,0.000,C:\Users\Symbol\software\game_store\steam\steamapps\common\Getting Over It\src\Data\input_commands.csv,C:\Users\Symbol\software\game_store\steam\steamapps\common\Getting Over It\src\Data\GameResults\ContinuousTracking_latest.csv
1759687757788,1759687757.789,1759687777.327,19.538,-6.493,7.610,0,-44.281,-2.422,0.000,0.000,110.100,0.000,1,0.000,C:\Users\Symbol\software\game_store\steam\steamapps\common\Getting Over It\src\Data\input_commands.csv,C:\Users\Symbol\software\game_store\steam\steamapps\common\Getting Over It\src\Data\GameResults\ContinuousTracking_latest.csv
1759687777328,1759687777.330,1759687796.898,19.569,4.178,4.577,0,-44.281,-2.422,0.000,0.000,22.500,0.000,1,0.000,C:\Users\Symbol\software\game_store\steam\steamapps\common\Getting Over It\src\Data\input_commands.csv,C:\Users\Symbol\software\game_store\steam\steamapps\common\Getting Over It\src\Data\GameResults\ContinuousTracking_latest.csv
1759687796901,1759687796.902,1759687816.439,19.537,-5.950,-0.794,0,-40.764,-2.567,0.897,-0.117,-160.200,-34.860,1,3.562,C:\Users\Symbol\software\game_store\steam\steamapps\common\Getting Over It\src\Data\input_commands.csv,C:\Users\Symbol\software\game_store\steam\steamapps\common\Getting Over It\src\Data\GameResults\ContinuousTracking_latest.csv
1759689058094,1759689058.095,1759689077.787,19.692,4.383,-0.978,0,-44.281,-2.422,0.000,0.000,-15.000,0.000,1,0.000,C:\Users\Symbol\software\game_store\steam\steamapps\common\Getting Over It\src\Data\input_commands.csv,C:\Users\Symbol\software\game_store\steam\steamapps\common\Getting Over It\src\Data\GameResults\ContinuousTracking_latest.csv
1759689077792,1759689077.794,1759689097.373,19.579,5.738,3.158,0,-44.281,-2.422,0.000,0.000,13.100,0.000,1,0.000,C:\Users\Symbol\software\game_store\steam\steamapps\common\Getting Over It\src\Data\input_commands.csv,C:\Users\Symbol\software\game_store\steam\steamapps\common\Getting Over It\src\Data\GameResults\ContinuousTracking_latest.csv
1759689097375,1759689097.377,1759689116.915,19.538,-6.493,7.610,0,-44.281,-2.422,0.000,0.000,110.100,0.000,1,0.000,C:\Users\Symbol\software\game_store\steam\steamapps\common\Getting Over It\src\Data\input_commands.csv,C:\Users\Symbol\software\game_store\steam\steamapps\common\Getting Over It\src\Data\GameResults\ContinuousTracking_latest.csv
1759689116921,1759689116.922,1759689136.487,19.565,4.178,4.577,0,-44.281,-2.422,0.000,0.000,22.600,0.000,1,0.000,C:\Users\Symbol\software\game_store\steam\steamapps\common\Getting Over It\src\Data\input_commands.csv,C:\Users\Symbol\software\game_store\steam\steamapps\common\Getting Over It\src\Data\GameResults\ContinuousTracking_latest.csv
1759689136491,1759689136.492,1759689156.050,19.558,-5.950,-0.794,0,-40.753,-2.572,0.364,-0.095,-161.100,-3.000,1,3.546,C:\Users\Symbol\software\game_store\steam\steamapps\common\Getting Over It\src\Data\input_commands.csv,C:\Users\Symbol\software\game_store\steam\steamapps\common\Getting Over It\src\Data\GameResults\ContinuousTracking_latest.csv
1759689310613,1759689310.614,1759689330.190,19.576,4.383,-0.978,0,-44.281,-2.422,0.000,0.000,-15.000,0.000,1,0.000,C:\Users\Symbol\software\game_store\steam\steamapps\common\Getting Over It\src\Data\input_commands.csv,C:\Users\Symbol\software\game_store\steam\steamapps\common\Getting Over It\src\Data\GameResults\ContinuousTracking_latest.csv
1759689330194,1759689330.196,1759689349.719,19.523,5.738,3.158,0,-36.238,-2.276,0.000,0.000,67.700,0.000,1,8.043,C:\Users\Symbol\software\game_store\steam\steamapps\common\Getting Over It\src\Data\input_commands.csv,C:\Users\Symbol\software\game_store\steam\steamapps\common\Getting Over It\src\Data\GameResults\ContinuousTracking_latest.csv
1759689349723,1759689349.725,1759689369.297,19.572,-6.493,7.610,0,-44.281,-2.422,0.000,0.000,110.100,0.000,1,0.000,C:\Users\Symbol\software\game_store\steam\steamapps\common\Getting Over It\src\Data\input_commands.csv,C:\Users\Symbol\software\game_store\steam\steamapps\common\Getting Over It\src\Data\GameResults\ContinuousTracking_latest.csv
1759689369299,1759689369.300,1759689388.908,19.608,4.178,4.577,0,-44.281,-2.422,0.000,0.000,22.600,0.000,1,0.000,C:\Users\Symbol\software\game_store\steam\steamapps\common\Getting Over It\src\Data\input_commands.csv,C:\Users\Symbol\software\game_store\steam\steamapps\common\Getting Over It\src\Data\GameResults\ContinuousTracking_latest.csv
1759689388913,1759689388.914,1759689408.459,19.545,-5.950,-0.794,0,-40.753,-2.572,0.364,-0.095,-161.100,-3.000,1,3.546,C:\Users\Symbol\software\game_store\steam\steamapps\common\Getting Over It\src\Data\input_commands.csv,C:\Users\Symbol\software\game_store\steam\steamapps\common\Getting Over It\src\Data\GameResults\ContinuousTracking_latest.csv
1759689661265,1759689661.266,1759689680.862,19.596,4.383,-0.978,0,-44.281,-2.422,0.000,0.000,-15.000,0.000,1,0.000,C:\Users\Symbol\software\game_store\steam\steamapps\common\Getting Over It\src\Data\input_commands.csv,C:\Users\Symbol\software\game_store\steam\steamapps\common\Getting Over It\src\Data\GameResults\ContinuousTracking_latest.csv
1759689680866,1759689680.867,1759689700.526,19.659,5.738,3.158,0,-44.281,-2.422,0.000,0.000,13.100,0.000,1,0.000,C:\Users\Symbol\software\game_store\steam\steamapps\common\Getting Over It\src\Data\input_commands.csv,C:\Users\Symbol\software\game_store\steam\steamapps\common\Getting Over It\src\Data\GameResults\ContinuousTracking_latest.csv
1759689700528,1759689700.529,1759689720.114,19.585,-6.493,7.610,0,-44.281,-2.422,0.000,0.000,110.100,0.000,1,0.000,C:\Users\Symbol\software\game_store\steam\steamapps\common\Getting Over It\src\Data\input_commands.csv,C:\Users\Symbol\software\game_store\steam\steamapps\common\Getting Over It\src\Data\GameResults\ContinuousTracking_latest.csv
1759689720117,1759689720.118,1759689739.672,19.554,4.178,4.577,0,-44.281,-2.422,0.000,0.000,22.600,0.000,1,0.000,C:\Users\Symbol\software\game_store\steam\steamapps\common\Getting Over It\src\Data\input_commands.csv,C:\Users\Symbol\software\game_store\steam\steamapps\common\Getting Over It\src\Data\GameResults\ContinuousTracking_latest.csv
1759689739676,1759689739.677,1759689759.242,19.565,-5.950,-0.794,0,-40.775,-2.565,0.538,-0.146,-160.300,-3.140,1,3.533,C:\Users\Symbol\software\game_store\steam\steamapps\common\Getting Over It\src\Data\input_commands.csv,C:\Users\Symbol\software\game_store\steam\steamapps\common\Getting Over It\src\Data\GameResults\ContinuousTracking_latest.csv
1759690184462,1759690184.463,1759690205.006,20.543,4.383,-0.978,0,-44.281,-2.422,0.000,0.000,-15.000,0.000,1,0.000,C:\Users\Symbol\software\game_store\steam\steamapps\common\Getting Over It\src\Data\input_commands.csv,C:\Users\Symbol\software\game_store\steam\steamapps\common\Getting Over It\src\Data\GameResults\ContinuousTracking_latest.csv
1759690205009,1759690205.011,1759690224.517,19.507,5.738,3.158,0,-44.281,-2.422,0.000,0.000,13.500,0.000,1,0.000,C:\Users\Symbol\software\game_store\steam\steamapps\common\Getting Over It\src\Data\input_commands.csv,C:\Users\Symbol\software\game_store\steam\steamapps\common\Getting Over It\src\Data\GameResults\ContinuousTracking_latest.csv
1759690224519,1759690224.521,1759690244.032,19.511,-6.493,7.610,0,-44.281,-2.422,0.000,0.000,110.100,0.000,1,0.000,C:\Users\Symbol\software\game_store\steam\steamapps\common\Getting Over It\src\Data\input_commands.csv,C:\Users\Symbol\software\game_store\steam\steamapps\common\Getting Over It\src\Data\GameResults\ContinuousTracking_latest.csv
1759690244034,1759690244.035,1759690263.572,19.537,4.178,4.577,0,-44.281,-2.422,0.000,0.000,22.500,0.000,1,0.000,C:\Users\Symbol\software\game_store\steam\steamapps\common\Getting Over It\src\Data\input_commands.csv,C:\Users\Symbol\software\game_store\steam\steamapps\common\Getting Over It\src\Data\GameResults\ContinuousTracking_latest.csv
1759690263576,1759690263.577,1759690283.087,19.511,-5.950,-0.794,0,-40.764,-2.567,0.897,-0.117,-160.200,-34.860,1,3.562,C:\Users\Symbol\software\game_store\steam\steamapps\common\Getting Over It\src\Data\input_commands.csv,C:\Users\Symbol\software\game_store\steam\steamapps\common\Getting Over It\src\Data\GameResults\ContinuousTracking_latest.csv
1759725939693,1759725939.695,1759725959.403,19.709,4.383,-0.978,0,-44.281,-2.422,0.000,0.000,-15.000,0.000,1,0.000,C:\Users\Symbol\software\game_store\steam\steamapps\common\Getting Over It\src\Data\input_commands.csv,C:\Users\Symbol\software\game_store\steam\steamapps\common\Getting Over It\src\Data\GameResults\ContinuousTracking_latest.csv
1759725959407,1759725959.408,1759725978.964,19.556,5.738,3.158,0,-44.281,-2.422,0.000,0.000,13.100,0.000,1,0.000,C:\Users\Symbol\software\game_store\steam\steamapps\common\Getting Over It\src\Data\input_commands.csv,C:\Users\Symbol\software\game_store\steam\steamapps\common\Getting Over It\src\Data\GameResults\ContinuousTracking_latest.csv
1759725978966,1759725978.968,1759725998.524,19.556,-6.493,7.610,0,-44.281,-2.422,0.000,0.000,110.100,0.000,1,0.000,C:\Users\Symbol\software\game_store\steam\steamapps\common\Getting Over It\src\Data\input_commands.csv,C:\Users\Symbol\software\game_store\steam\steamapps\common\Getting Over It\src\Data\GameResults\ContinuousTracking_latest.csv
1759725998526,1759725998.527,1759726018.066,19.538,4.178,4.577,0,-44.281,-2.422,0.000,0.000,22.600,0.000,1,0.000,C:\Users\Symbol\software\game_store\steam\steamapps\common\Getting Over It\src\Data\input_commands.csv,C:\Users\Symbol\software\game_store\steam\steamapps\common\Getting Over It\src\Data\GameResults\ContinuousTracking_latest.csv
1759726018073,1759726018.075,1759726037.725,19.650,-5.950,-0.794,0,-40.764,-2.567,0.897,-0.117,-160.200,-34.860,1,3.562,C:\Users\Symbol\software\game_store\steam\steamapps\common\Getting Over It\src\Data\input_commands.csv,C:\Users\Symbol\software\game_store\steam\steamapps\common\Getting Over It\src\Data\GameResults\ContinuousTracking_latest.csv
1759727107875,1759727107.877,1759727127.455,19.579,4.383,-0.978,0,-44.281,-2.422,0.000,0.000,-15.000,0.000,1,0.000,C:\Users\Symbol\software\game_store\steam\steamapps\common\Getting Over It\src\Data\input_commands.csv,C:\Users\Symbol\software\game_store\steam\steamapps\common\Getting Over It\src\Data\GameResults\ContinuousTracking_latest.csv
1759727127458,1759727127.460,1759727147.059,19.599,5.738,3.158,0,-44.281,-2.422,0.000,0.000,13.100,0.000,1,0.000,C:\Users\Symbol\software\game_store\steam\steamapps\common\Getting Over It\src\Data\input_commands.csv,C:\Users\Symbol\software\game_store\steam\steamapps\common\Getting Over It\src\Data\GameResults\ContinuousTracking_latest.csv
1759727147063,1759727147.064,1759727166.668,19.604,-6.493,7.610,0,-44.281,-2.422,0.000,0.000,110.100,0.000,1,0.000,C:\Users\Symbol\software\game_store\steam\steamapps\common\Getting Over It\src\Data\input_commands.csv,C:\Users\Symbol\software\game_store\steam\steamapps\common\Getting Over It\src\Data\GameResults\ContinuousTracking_latest.csv
1759727166671,1759727166.674,1759727186.345,19.671,4.178,4.577,0,-44.281,-2.422,0.000,0.000,22.600,0.000,1,0.000,C:\Users\Symbol\software\game_store\steam\steamapps\common\Getting Over It\src\Data\input_commands.csv,C:\Users\Symbol\software\game_store\steam\steamapps\common\Getting Over It\src\Data\GameResults\ContinuousTracking_latest.csv
1759727186349,1759727186.351,1759727205.909,19.559,-5.950,-0.794,0,-40.775,-2.565,0.538,-0.146,-160.300,-3.140,1,3.533,C:\Users\Symbol\software\game_store\steam\steamapps\common\Getting Over It\src\Data\input_commands.csv,C:\Users\Symbol\software\game_store\steam\steamapps\common\Getting Over It\src\Data\GameResults\ContinuousTracking_latest.csv
1759906415080,1759906415.087,1759906435.062,19.975,0,0.000,0.000,0.000,0.000,0.000,0.000,1,0.000,,C:\Users\Symbol\software\game_store\steam\steamapps\common\Getting Over It\src\Data\GameResults\ContinuousTracking_latest.csv
1759906435163,1759906485.957,1759906492.788,6.831,0,0.000,0.000,0.000,0.000,0.000,0.000,1,0.000,,C:\Users\Symbol\software\game_store\steam\steamapps\common\Getting Over It\src\Data\GameResults\ContinuousTracking_latest.csv
1759906556184,1759906556.190,1759906571.006,14.816,0,0.000,0.000,0.000,0.000,0.000,0.000,1,0.000,,C:\Users\Symbol\software\game_store\steam\steamapps\common\Getting Over It\src\Data\GameResults\ContinuousTracking_latest.csv
1759906571108,1759906571.115,1759906573.802,2.687,0,0.000,0.000,0.000,0.000,0.000,0.000,1,0.000,,C:\Users\Symbol\software\game_store\steam\steamapps\common\Getting Over It\src\Data\GameResults\ContinuousTracking_latest.csv
1759906573903,1759906573.907,1759906578.737,4.831,0,0.000,0.000,0.000,0.000,0.000,0.000,1,0.000,,C:\Users\Symbol\software\game_store\steam\steamapps\common\Getting Over It\src\Data\GameResults\ContinuousTracking_latest.csv
1759906578839,1759906578.846,1759906598.608,19.762,0,0.000,0.000,0.000,0.000,0.000,0.000,1,0.000,,C:\Users\Symbol\software\game_store\steam\steamapps\common\Getting Over It\src\Data\GameResults\ContinuousTracking_latest.csv
1759906598709,1759906598.713,1759906618.464,19.751,0,0.000,0.000,0.000,0.000,0.000,0.000,1,0.000,,C:\Users\Symbol\software\game_store\steam\steamapps\common\Getting Over It\src\Data\GameResults\ContinuousTracking_latest.csv
