timestamp,playerX,playerY,reward
0.0,-0.7933736798068325,0.2883819760842216,0.04901571978258437
0.016666666666666666,-0.439965242297731,1.0216842655920682,0.03157592705228776
0.03333333333333333,0.050466347074758944,0.8355945032868994,0.08563090552086491
0.05,-0.9260646846416303,0.840034258692952,0.06572557278275724
0.06666666666666667,-1.6306535074142592,0.2541082623962504,0.17721670399064024
0.08333333333333333,-1.4383676506735508,0.09075334361573578,0.11313654502125112
0.1,-1.0390402178722702,-0.32799755428837457,0.05537866360181108
0.11666666666666667,-1.5475575553084746,-0.27152864830134404,0.06203700520241717
0.13333333333333333,-1.411145664920995,-0.746822666537311,0.2106242648025088
0.15,-0.9728598624562776,-0.584211777030144,0.14096256214494815
0.16666666666666666,-1.059138695384847,-0.5094189245132288,0.1617794059245854
0.18333333333333332,-2.0416462078718585,-0.09995839505477838,0.11166636578489114
0.2,-1.5358784348976728,-0.1202703518138122,0.10809900895436968
0.21666666666666667,-1.5658670192751252,0.19688962295985207,0.10545589951715899
0.23333333333333334,-1.795922428091676,-0.29796744008805526,0.17843544500481132
0.25,-1.897029889400133,-0.3551470430421883,-0.006276236046045519
0.26666666666666666,-1.482477707873438,-0.4310814034775702,0.07815895578530566
0.2833333333333333,-1.933039424164054,-0.4228040687607602,0.1219074845843968
0.3,-0.9334523957125123,-0.15242956585592904,0.06051921845074529
0.31666666666666665,-1.4433473313820997,-0.34652764864744257,0.11640483065186155
0.3333333333333333,-1.185565589933749,-0.20440374423476396,0.05966956765214835
0.35,-1.097020009658128,-0.23880936455292182,0.09620045749336344
0.36666666666666664,-1.3305083770111237,-0.22440400046508688,0.13448748981935893
0.38333333333333336,-1.89861049604154,0.03493246374890682,0.05108978831908504
0.4,-1.6488858004462181,-0.260021879531144,0.08631025199895276
0.4166666666666667,-0.03625070735999536,-0.3821061358724755,0.07059540732059927
0.43333333333333335,0.5083630506341653,0.2996009739335728,0.10386972163215816
0.45,0.5526611921590029,0.5022599751692707,0.13737816144654513
0.4666666666666667,0.6360288292927414,0.6353191190483775,0.20076243029213922
0.48333333333333334,0.06128108876186833,0.774588274187098,0.012831714443726439
0.5,-1.0123323514964904,0.5799600783477324,0.14420462943944307
0.5166666666666667,-1.3030403225258245,0.5530626881239517,0.07777954687165325
0.5333333333333333,-2.39313033780136,-0.1154641495339106,0.17054765023971608
0.55,-3.2318648815706754,0.02367415912113721,0.12040174598340748
0.5666666666666667,-3.3183010198457232,-0.5788012297295417,0.12092595825932939
0.5833333333333334,-3.996035784582978,-1.0721035197393904,0.14598957911863067
0.6,-4.873898607914822,-1.2440366843298858,0.11167088792939062
0.6166666666666667,-4.042080171248237,-1.6641149813797091,0.07297265497191564
0.6333333333333333,-4.760972709497174,-1.516725690835357,0.11400520527037426
0.65,-4.306742189315862,-1.305509077887875,0.14771216290088768
0.6666666666666666,-4.1432042861336,-1.2634428856730933,0.17321497182723383
0.6833333333333333,-4.047590677484648,-1.0316780551837188,0.035486327631646525
0.7,-4.455580675401715,-0.679041516832038,0.13365543268948932
0.7166666666666667,-5.141383249227794,-0.48811231834585544,0.0752945893725616
0.7333333333333333,-5.331265790047088,-0.06346175102203255,0.08031068270866311
0.75,-5.389572382189006,-0.14442221353565599,0.04132141378468782
0.7666666666666667,-6.130351088297837,0.17629788757451054,0.13122334398867458
0.7833333333333333,-7.349424743436787,0.09995706401076378,0.2100960349574628
0.8,-7.52779686634302,-0.0496211914357728,0.14099527261884928
0.8166666666666667,-8.115858902794784,-0.006582647353606065,0.060211804956888784
0.8333333333333334,-7.136250456924685,-0.10765354114598935,0.18413466373001663
0.85,-7.0015947205192814,-0.38210464391210897,0.1059068406124761
0.8666666666666667,-6.515528225539466,-0.01339562583077325,0.13163370837015284
0.8833333333333333,-6.8239577735006955,0.07711519183280931,0.0356598958652134
0.9,-7.474924874382142,-0.6403018458701553,0.1343810964406549
0.9166666666666666,-7.011550697096547,-1.6584317530414017,0.01893020627311573
0.9333333333333333,-7.149567685825369,-2.1745264217446185,0.14269109158607682
0.95,-7.32101847833203,-2.294122652570454,0.12928035845173794
0.9666666666666667,-7.391006217692091,-2.265240891165645,0.0713701069943652
0.9833333333333333,-6.895339858690631,-2.67195743564774,0.09300655104045237
1.0,-7.254359164435307,-2.5543466269430835,0.04411083025813761
1.0166666666666666,-7.41179687570688,-2.3089053670628665,0.053323169250578444
1.0333333333333334,-6.695706469748326,-2.2695947730910766,0.051631172959276314
1.05,-7.0258465621405755,-2.568577003329222,0.19370160017458873
1.0666666666666667,-5.693777512760728,-1.9908019049153507,0.1329459738682174
1.0833333333333333,-5.978658165581249,-2.064380490231951,0.13638315597434428
1.1,-6.302710139013388,-2.15895578742331,0.2138347548298943
1.1166666666666667,-6.385869911355567,-1.7523274890896028,0.2031638433059409
1.1333333333333333,-6.216807923957935,-1.697428204543788,0.1225021186914642
1.15,-6.15051939121485,-1.9508804471705443,0.1241400935495019
1.1666666666666667,-6.216885708000471,-1.956038265649307,0.0768032530816346
1.1833333333333333,-6.159385327371976,-1.509585682478369,0.10644170087575629
1.2,-6.723077115545427,-1.5552869190250724,0.08632382158536225
1.2166666666666666,-6.6689536860165415,-1.1329117686415182,0.09716539581380276
1.2333333333333334,-6.214639557113354,-1.1087248579971198,0.04790143797129131
1.25,-5.273109328975773,-1.096881417513623,0.08675231342330039
1.2666666666666666,-5.641607801209276,-0.6096918368566678,0.19312243844432903
1.2833333333333334,-5.71121203962335,-0.6509454976415683,0.10524213504558041
1.3,-5.893485120737833,-0.9152850208852819,0.01977009221677037
1.3166666666666667,-5.780816322405835,-0.9167913327503905,0.14102602096940497
1.3333333333333333,-6.224469363404611,-0.8778110069874567,0.048468931111881434
1.35,-6.0585324344959135,-1.359469582463495,0.028892582531690955
1.3666666666666667,-5.4862972899267675,-2.355047821540473,0.10299476011311895
1.3833333333333333,-5.681605810343797,-2.246366633413508,0.09807839151674054
1.4,-5.456696443593801,-1.6455653429157966,0.07536996268816873
1.4166666666666667,-4.06061405984576,-1.6384958764917923,0.04450420231680855
1.4333333333333333,-4.112697580756515,-1.659573382388189,0.07036913506795768
1.45,-3.533631388514681,-1.5453972150038482,0.058648676784213226
1.4666666666666666,-3.242599671718107,-1.5824233522149762,0.10390852673359913
1.4833333333333334,-3.017609011775704,-1.690498008887525,0.056225764946601225
1.5,-2.9323862624884685,-1.1698894155009627,0.11859905979776383
1.5166666666666666,-2.4571672522964745,-1.140250242537137,0.14260647494260567
1.5333333333333334,-2.8685885302611114,-1.2201605749489406,0.17911184471100067
1.55,-3.1314257686128446,-1.1298427964244844,0.1321301180901429
1.5666666666666667,-2.286751795015113,-1.2132142871549878,0.07858669544135506
1.5833333333333333,-2.3878372480344376,-1.179013010123136,0.09713181643766931
1.6,-2.64657177648052,-1.4297121817704597,0.11160918219331425
1.6166666666666667,-3.0165020039622217,-1.2512887504275572,0.13324348341122194
1.6333333333333333,-3.1059285937660874,-1.4463972229871136,0.13758880130464296
1.65,-2.6966558650166768,-1.0995967286274948,0.14927290625079304
1.6666666666666667,-2.302879253891345,-1.1374186279836127,0.14395558053397434
1.6833333333333333,-2.176552760006924,-1.779505600387395,0.13877505212080105
1.7,-1.8332388618773257,-1.4666846517424166,0.12033568437410894
1.7166666666666666,-1.7861550894635219,-1.682347819487245,0.08563673361970525
1.7333333333333334,-1.6439387357983881,-2.136835179028992,-0.006739039793794449
1.75,-1.5668651952732455,-1.996171970333154,0.13224253497943023
1.7666666666666666,-1.952653806698338,-2.041583539387532,0.06254704716498641
1.7833333333333334,-1.8651670778519152,-2.301111059299191,0.07641031877618921
1.8,-1.7441736188275092,-2.255497508023326,0.11919746113820884
1.8166666666666667,-1.4626640620364666,-2.07701717162135,0.07497285007030728
1.8333333333333333,-1.5743035266457148,-2.013762800127058,0.011222078561834964
1.85,-1.8219731545281947,-2.006780619169905,0.09262713790051696
1.8666666666666667,-1.1505450737773852,-2.6177554583842078,0.17952756783328572
1.8833333333333333,-1.1593301236284155,-2.522676855267597,0.08851371203809953
1.9,-0.6427124203004891,-2.2143475213637673,0.03802405488728079
1.9166666666666667,-0.7673384819873246,-2.2154432606823296,0.11699554786974842
1.9333333333333333,-0.912653465066508,-1.8988682931373204,0.13094124581048963
1.95,-0.121741817795738,-1.5531972509912966,0.1618164344009289
1.9666666666666666,0.2977782238925775,-1.8330005355921632,0.11720491875417538
1.9833333333333334,0.03797511350837646,-2.163178590792537,0.1708050277284276
2.0,0.2758756350530553,-1.9911864915152708,0.08759322911495496
2.0166666666666666,0.35325748809018803,-2.5839667011805636,0.20291466315984055
2.033333333333333,0.47296274534389426,-2.2944698900591454,0.03392590383684213
2.05,-0.10778841503603587,-1.9712229987352778,0.09388063903522072
2.066666666666667,-0.4707132381827554,-1.5120870516503946,0.1146558464374956
2.0833333333333335,-1.210586147564405,-0.7872636297615861,0.13913500082582134
2.1,-1.007812009789994,-1.0633590035605032,0.11178165235309316
2.1166666666666667,-1.1668507609177963,-1.2740036760176088,0.11511420791149134
2.1333333333333333,-1.2429001319439548,-0.9987284934548033,0.06443647594016363
2.15,-1.9241606445196637,-0.7829215361530901,0.04645495147777748
2.1666666666666665,-2.1014280252595428,-1.092588507424305,0.10253538541396158
2.183333333333333,-1.9568453410537108,-1.238426279778947,0.11008137220650367
2.2,-1.8830675624979998,-0.7663193166054757,0.10639302126806639
2.216666666666667,-1.5873498895262133,-0.7680012119065373,0.0676332894908237
2.2333333333333334,-1.2365706348408745,-0.2827753333367519,0.09145957518934407
2.25,-1.6100715567915107,-0.38141649734305033,0.07040479642558296
2.2666666666666666,-1.0703814247045123,-0.2585495104599962,0.10538153680185673
2.283333333333333,-1.0030610921179448,0.10298349976367394,0.142839470726061
2.3,-0.9946217540073948,-0.14110290359746122,0.15012580107565382
2.316666666666667,-1.6943012819437562,-0.41967775361141635,-0.012498209808544186
2.3333333333333335,-2.5517591522051335,-0.41580157066284956,0.1338459513135601
2.35,-2.320449062891479,-0.5676720598744953,0.11354481997133227
2.3666666666666667,-3.107736671961272,-0.36227935597297256,0.03643480662457893
2.3833333333333333,-2.6182145945709667,-0.03568941244475071,0.08607558973689203
2.4,-3.387242028611535,0.10600364647252258,0.1252755325344566
2.4166666666666665,-4.360215795816327,0.4115360535077999,0.019227307550283984
2.433333333333333,-3.915859071867383,0.49527671883366936,0.18874748317213164
2.45,-4.951327023869255,0.7911852625215858,-0.0015947976039034223
2.466666666666667,-6.107014592230662,0.7517828770069664,0.2127785783268109
2.4833333333333334,-6.817305699088632,0.9327780959598733,0.11522467415227859
2.5,-6.113424644305395,0.8496914771178444,0.18842273230078777
2.5166666666666666,-6.492834042848432,0.24601227081630017,0.04416921621510144
2.533333333333333,-5.856359351294123,0.18421187670000974,0.09701581101783152
2.55,-5.543624932342285,0.5597167822040516,0.09194652506124018
2.566666666666667,-5.487900352382714,0.660233502143115,0.10916262783966069
2.5833333333333335,-6.521481970332529,0.9173357998800951,0.04147067607093141
2.6,-6.066342959930505,1.186335897254379,0.15649668058293334
2.6166666666666667,-5.550122356009156,1.167801143427034,-0.012566750247496497
2.6333333333333333,-5.2568706598212325,1.0084822019869282,0.13381814438525397
2.65,-5.0963557815746565,1.2852414137157187,0.04609404958123434
2.6666666666666665,-4.16634902049209,1.2189094262927207,0.0920869649784923
2.683333333333333,-4.312764807524097,1.0450559144044271,0.15716001879140823
2.7,-5.175454498132827,1.6514194177910348,0.11590076541062486
2.716666666666667,-5.775032855305753,1.5726166481263881,0.1350604755125973
2.7333333333333334,-5.882853437840831,1.2623984499119332,0.14632175903526481
2.75,-5.272661747217361,1.416281391977131,0.18163014681891615
2.7666666666666666,-5.129694158085974,1.3027730528614923,0.20609981082403728
2.783333333333333,-5.437503216124627,1.1765275339573318,0.11872344808743611
2.8,-5.322735655994307,0.7312528015066433,0.03386727851751163
2.816666666666667,-5.479398626072698,1.7476695503304724,0.09286514081279865
2.8333333333333335,-6.465605576743337,1.3959764142007796,0.042796306887939985
2.85,-6.505145344606394,1.5433278720293424,0.015894191496122784
2.8666666666666667,-5.909790889741694,2.0117863486253698,0.04193674499073104
2.8833333333333333,-6.376253513449997,1.8104134960044607,0.05964102103414402
2.9,-6.3593350439089615,1.8441437457853362,0.14200830609099055
2.9166666666666665,-6.680521286951804,1.7501248713492357,0.13063491950395553
2.933333333333333,-6.3735452529062755,1.7354849905243808,0.12896108469780354
2.95,-6.407035915967463,1.6680026252267133,0.06036980855418447
2.966666666666667,-7.07488620563773,1.8637545946478888,0.18068644362578185
2.9833333333333334,-7.4074455868182945,1.5976316196462599,0.010783598272259179
3.0,-7.392791772714014,1.7744101369574645,0.05433146552262384
3.0166666666666666,-7.1152672096894545,1.9983315288180616,0.029900400936287305
3.033333333333333,-7.227350139368491,1.9644952921349559,0.15884989479453593
3.05,-6.828057832044718,1.685417224110695,0.2090146322722748
3.066666666666667,-6.5571774702458745,1.9218253366296065,0.1436435518676253
3.0833333333333335,-6.252992851973146,1.7791025888807366,-0.01819381959006658
3.1,-5.643342348537743,1.895487433749415,0.08743978206292356
3.1166666666666667,-5.920403677886492,1.8811682786207446,0.1644063076417876
3.1333333333333333,-6.035166919867135,2.0609410623868984,0.09382911170363088
3.15,-5.691968624648474,2.3531346275310345,0.12143594326540845
3.1666666666666665,-5.979791985243923,2.1075813683434994,0.14185342441850524
3.183333333333333,-6.541842863688584,1.8010593465593405,0.07249717582462614
3.2,-6.914631610237063,2.2166501700532737,0.11915703814391687
3.216666666666667,-7.155281784839208,2.163092128552849,0.09698257011367109
3.2333333333333334,-6.885641025051143,2.007154942282176,0.13115500060133978
3.25,-7.04289067632077,2.1393867059632226,0.18377507158922102
3.2666666666666666,-6.6261197640244305,2.6975616049730653,0.019199440004400298
3.283333333333333,-6.392282702620128,2.51120136118712,0.11306330736250125
3.3,-5.89359342289721,2.570834266649348,0.09418995057484253
3.316666666666667,-6.4993552123598395,3.001238100594636,-0.003756305062925902
3.3333333333333335,-6.556936596536046,2.8900382456015126,0.14467899000452006
3.35,-7.278830466201979,2.9035400304430863,0.03539879378264617
3.3666666666666667,-7.194021230069689,3.312477542047239,0.042888673897819744
3.3833333333333333,-7.140358353412447,3.4046323659331676,0.13621905440540352
3.4,-6.855957006862625,3.412627981379746,0.0777977679908006
3.4166666666666665,-6.464576540118008,3.4791059155472848,0.15310092890819038
3.433333333333333,-6.917787868936031,3.3337172879442307,0.09473318947766213
3.45,-6.612382004485336,3.3691299350138255,0.02040047545770715
3.466666666666667,-7.155619647226084,3.5251464289251935,0.15190473138390792
3.4833333333333334,-7.221075427764996,3.6242689196562576,0.14317817413523926
3.5,-7.196183636889432,3.33335242444404,0.12405724991717
3.5166666666666666,-7.942603582944179,3.1676872735280637,0.05439288897781302
3.533333333333333,-8.172759804853841,3.110500663151069,0.1230916881873424
3.55,-8.182099484936161,3.1174066796345103,0.09503875113498983
3.566666666666667,-8.14358799233209,3.1602856331208056,0.05227893550428484
3.5833333333333335,-7.819898608640566,2.8476230551385178,0.11989279729741945
3.6,-8.192291314016064,2.2183450703885637,0.05946111342409586
3.6166666666666667,-8.005591084046767,2.731487223232561,0.18263624642305565
3.6333333333333333,-7.365788162299178,3.0175332020658674,0.1391317243597857
3.65,-7.285939418979201,2.7779912512289116,0.08441702522378564
3.6666666666666665,-7.143652741408379,2.6756426756182545,0.04368050572267518
3.683333333333333,-7.4568126816666,2.9250077527240537,-0.005153909493961439
3.7,-7.369712532322401,3.151988495468128,0.06345544673109746
3.716666666666667,-6.771814711884465,2.977304719454109,0.0567474535707429
3.7333333333333334,-6.656238394284582,2.9024912558402343,0.043098959592735936
3.75,-7.218165459824235,3.1083827439122134,0.031881359679905116
3.7666666666666666,-7.593135588535071,3.0233263175577103,0.13590641852175256
3.783333333333333,-7.605937601601038,2.8513763169617086,0.12467800483822736
3.8,-7.130012848403284,3.1171380845037415,0.11156037432791957
3.816666666666667,-7.247802148868589,3.142677088689936,0.049076170560852166
3.8333333333333335,-6.797251009102113,3.323736166468365,0.10808491218021372
3.85,-7.35696941482061,2.6529322762930656,0.08133986615920896
3.8666666666666667,-6.997632381453028,3.1664705877668937,0.048900177865121186
3.8833333333333333,-7.459676460709138,3.2881277952069983,0.07599906932857309
3.9,-7.07126706247581,3.785341000813823,0.17562208248164998
3.9166666666666665,-6.041048967192693,3.8141481324948363,0.05082124792392829
3.933333333333333,-5.6908841491469255,3.580901828638045,0.013226153505287122
3.95,-5.540520685748478,3.35404011742049,0.12246826160691995
3.966666666666667,-5.488736067072952,3.2220982238765434,0.019748436927321297
3.9833333333333334,-5.32458873758005,3.0119237130437133,0.040441347861744636
4.0,-4.405579506719096,3.454326944100927,0.14253035806419684
4.016666666666667,-3.994876552853341,3.253737821550027,0.09140600197112139
4.033333333333333,-4.290264595499787,3.018769312573535,0.18846080940297708
4.05,-3.8257226812637,3.1378996070002385,0.17588910631406252
4.066666666666666,-3.836030246531202,3.268795381839774,0.09186917608987293
4.083333333333333,-4.379646414148232,3.467687350962206,0.03190405513307064
4.1,-4.995585388634105,3.7286714129074223,0.1622120964530722
4.116666666666666,-5.264787089362893,3.557292206588955,0.10961621645257272
4.133333333333334,-4.484910067187358,3.42539943635976,0.15757832762880516
4.15,-3.760826074098402,2.954785929911436,0.07698582472624572
4.166666666666667,-4.1845484761860225,3.2124638080302335,0.02800046010087978
4.183333333333334,-3.6532820059488937,3.021007602439044,0.14715030897846615
4.2,-3.667475461131898,3.082910842668349,0.04558491073527017
4.216666666666667,-2.748165447466167,3.4529589548110122,0.21079367088267228
4.233333333333333,-2.5226344528705194,3.3157234082743074,0.08732553545158825
4.25,-2.0370220254165927,2.9641786568985635,0.18404737771459967
4.266666666666667,-2.3996090248367556,4.021096068101226,0.09963997519497365
4.283333333333333,-3.0123257180319465,4.027298714378042,0.12118446929974372
4.3,-3.157684796219593,3.497733139363503,0.06459924405696683
4.316666666666666,-2.491295169456692,3.1806514605194063,0.06930999502734844
4.333333333333333,-2.0842389891942403,3.0065662179458768,0.04523603656290494
4.35,-2.5669822475794413,2.7351949683155223,0.1461182290868408
4.366666666666666,-2.7258837263794686,3.1711079579789976,0.1730364577742951
4.383333333333334,-3.4455314921577576,2.747878144630297,0.12876098845218056
4.4,-4.181335961111132,3.07970394536961,0.09538859304608448
4.416666666666667,-3.8564204765465617,3.589120333925784,0.13198533898169948
4.433333333333334,-3.863577829229159,3.303581462105804,0.10449150306714998
4.45,-3.874362536993734,3.3127660646302153,0.0515804942214123
4.466666666666667,-4.5936198831584445,2.844901975592061,0.0918612961256884
4.483333333333333,-3.765677614241679,2.778633852135471,0.09933789881877031
4.5,-3.3519869613929276,2.301704622759293,-0.001848393104461027
4.516666666666667,-2.931463110914714,2.355119877884512,0.06977663541683043
4.533333333333333,-2.6284176067805336,1.867051837594845,0.018518917284150116
4.55,-1.8766587564729549,2.1707612858742356,0.04989839046639776
4.566666666666666,-2.1331069265105382,2.383611083141959,0.13420686684180672
4.583333333333333,-1.269341311279871,2.727302917844908,0.013287641042592058
4.6,-0.8965925625608704,2.922292641435833,0.15992723148098406
4.616666666666666,-0.2702549713514262,3.283828328094824,0.05054299300972237
4.633333333333334,-0.4899996308947129,3.2323982882082327,0.06438314701072866
4.65,0.20412360377397964,3.239777074785549,0.05423590035186045
4.666666666666667,-0.3331771001137528,3.62300608990984,0.06508884852456809
4.683333333333334,0.08398143908895322,3.2733933466820258,0.18776935670797062
4.7,0.4122314509784314,3.4834140388654378,0.23415280713683403
4.716666666666667,0.7579096879013838,3.4033369666590114,0.06960517651445128
4.733333333333333,0.12150144705893495,3.3623580612574653,0.14305844866558953
4.75,0.9578875413999279,3.5640659666572296,0.06710785176510004
4.766666666666667,1.0155778823816046,3.6066091344026487,0.06704244026988623
4.783333333333333,1.1847459105898828,3.685368663299239,0.11571137459488276
4.8,1.9488678076082744,3.794396479024429,0.10276812177587677
4.816666666666666,2.0000475798977786,4.073689134017518,0.2188782761325532
4.833333333333333,2.000959558499397,3.949815515073209,-0.013111181680388495
4.85,1.5223807889447214,3.7542598088399557,0.046300719571568186
4.866666666666666,1.6386863311186872,4.252572056827328,0.17933926244438808
4.883333333333334,1.0277108493819513,3.824110609101631,0.10855406647932479
4.9,0.3977385643155973,3.802873208908448,0.17227228949633022
4.916666666666667,0.4039716951135696,4.214202130914278,0.11418511713344728
4.933333333333334,-0.10467858062369934,4.284913115070046,0.1287952747202699
4.95,-0.5304900754166231,4.3751807945793315,0.0521379831304083
4.966666666666667,-0.21286866185780995,4.05663246317153,0.09584538392973811
4.983333333333333,0.04943481185573845,3.9942127425847396,0.060990647839062
5.0,-0.17724091324337116,4.028783637714189,0.023250737397607663
5.016666666666667,-0.21015705025590387,3.807387939093116,0.07132154659222041
5.033333333333333,-0.8114360827083626,3.953174169844201,0.1922803180522838
5.05,-0.8235943238837137,4.551707009178555,0.15054895093105372
5.066666666666666,-0.3032780953804656,4.671102834324566,0.028647476235747468
5.083333333333333,-0.3466648714015331,4.35368568776066,0.13408086846843106
5.1,-0.5742611913971823,4.111251938430734,0.19274207589577735
5.116666666666666,-0.004894393294570087,4.222589456675903,0.1441765077379038
5.133333333333334,0.6242155321244308,3.819889543856817,0.1446781511636722
5.15,0.8418446346400772,4.447692850989107,0.14159797704417532
5.166666666666667,0.4718067948173939,4.8793089585765,0.06945789735187413
5.183333333333334,-0.303129577513971,4.785058072946958,0.15978438082547536
5.2,-0.7110585074182212,4.628946271144425,0.2177087361333192
5.216666666666667,-0.48226335807880083,4.20695699106839,0.08514350877689365
5.233333333333333,-0.9614290197380658,3.7833442751991933,0.12009385465077217
5.25,-0.6931834281428371,3.7687193417697853,0.15055741288299923
5.266666666666667,0.3247763919770654,3.9329442901966374,0.09873538790149762
5.283333333333333,0.731321459989287,3.7434897749387104,0.15894362209952567
5.3,0.11424933528575698,3.4873185319909195,0.1873773839438449
5.316666666666666,0.36824966012742855,3.2519093946935174,0.17172277724491597
5.333333333333333,0.035676774848784676,3.1070964073272433,-0.004564070488134966
5.35,0.6460181637284217,2.9347284671605287,-0.0023992705971026956
5.366666666666666,0.7917815364861781,2.7280829767828627,0.01227149387267401
5.383333333333334,1.7031777570355535,2.4912533290563923,0.10621668538673398
5.4,1.6637605436965814,2.0868748775189445,0.08113834598212938
5.416666666666667,2.1302848878709284,2.0572814234112493,0.11490805441771795
5.433333333333334,1.6622935345596879,2.0806676199198586,0.024456559600624816
5.45,2.3852733077697446,2.0485921679960404,0.15139886328807978
5.466666666666667,3.225470247353667,2.1760966201606675,0.11047192926324736
5.483333333333333,3.075069067932401,2.1896820863604165,0.09335550752668396
5.5,2.1929536124261313,1.918728898737831,0.09041324966705411
5.516666666666667,2.529197104675525,1.8034156707978544,0.0672427956290296
5.533333333333333,1.97609140272438,1.848101725503615,0.15501511340358481
5.55,1.781457600143502,1.9621197383871982,0.06835116400526164
5.566666666666666,2.3276624987183423,1.5019147900940373,0.11740588547588798
5.583333333333333,2.7669547187115353,1.9797831629032185,0.1852671905231978
5.6,2.7915709788696197,1.6308474817268954,0.1531895251359301
5.616666666666666,4.508057993580088,1.8144444900763235,0.04658210446650671
5.633333333333334,4.077756268371609,1.909410950336065,0.12962802971755785
5.65,3.675459397442838,1.3022610710768177,0.13596184244117948
5.666666666666667,3.9171275472602747,1.395477665924671,0.029733108127054195
5.683333333333334,4.16920749086773,1.473261390606606,0.17583500365609633
5.7,4.399601132296313,0.5944402217015398,0.13299929449407413
5.716666666666667,4.034121128866906,0.4053478530083642,0.08051009795672236
5.733333333333333,4.574410976863462,-0.05815617284716523,0.12528747288332137
5.75,5.049667431583911,-0.2282550217864663,0.11730059629050592
5.766666666666667,4.879072788546483,-0.22175706571748877,0.14188414068433017
5.783333333333333,5.033719662234585,-0.612737251930684,0.153495257647635
5.8,5.417734985475006,-0.8853409325262156,0.09423733618576208
5.816666666666666,5.467040512132168,-1.012142086399683,0.05769492799484226
5.833333333333333,5.294481145646167,-1.3263281519999857,0.15957762842446954
5.85,5.089130701482822,-1.897045359791929,0.06574529238612684
5.866666666666666,4.769602624560464,-1.6727538849686243,0.043794343475869815
5.883333333333334,5.739283572562098,-1.6756838765420536,0.035495382448210766
5.9,5.212566675635558,-1.875204045558645,0.10526631616762235
5.916666666666667,5.954365309967911,-2.559141218498232,0.11517463079351989
5.933333333333334,5.770038158364807,-2.2806956995517895,0.02209529471799411
5.95,5.5171896189658955,-2.052975973838775,-0.020946184179200272
5.966666666666667,5.863309452451241,-2.1196734207527066,0.050725794500965385
5.983333333333333,5.484807404325556,-2.067563726104012,0.12717838401494452
6.0,5.020485438943638,-2.1009158385231825,0.056206484833952186
6.016666666666667,4.471631109082072,-1.8415691626384294,0.15355043570642674
6.033333333333333,3.5642098422242388,-2.0520951515880577,0.04474414175284911
6.05,2.8320062336990075,-1.8140185358628158,0.06470533196105166
6.066666666666666,3.6350438363000115,-2.1696915720599246,0.10820972823491512
6.083333333333333,4.103579123839767,-2.0907457526752795,0.06954604940550398
6.1,4.131619440789358,-2.530729057465175,0.19007214250066218
6.116666666666666,4.448108780642205,-2.35587802210429,0.17856794771255532
6.133333333333334,4.342914626078227,-2.226448252678866,0.12094291810341448
6.15,4.464571372185568,-1.8174374459371663,0.06836243486149063
6.166666666666667,4.770926593176391,-2.0216060614013704,0.042777896479747946
6.183333333333334,4.9849856918713655,-1.971618621549385,0.06296431404477631
6.2,4.537883295214998,-2.0993823687316904,0.14538907592236738
6.216666666666667,4.604147532733753,-2.221600227242205,0.07300548613176444
6.233333333333333,3.604866231292816,-1.9860544568656178,0.037918654231388495
6.25,3.6077921673555498,-1.78808584557717,0.13217631884735015
6.266666666666667,3.6302846243828557,-2.233164725305082,0.0755014117849949
6.283333333333333,3.966653812771784,-1.9571898928123705,0.06440733377929753
6.3,2.995285200324358,-1.7488105610407467,0.16962069973243285
6.316666666666666,2.3839070861326723,-1.7109877106740032,0.05085927388307803
6.333333333333333,2.0759463947163477,-1.4405153378349067,0.1037326162080786
6.35,1.5690656046435074,-1.397306419960823,0.08121289286255153
6.366666666666666,1.3166573792252776,-1.323281035275951,0.0913304774167434
6.383333333333334,1.8075906863561708,-1.3304356152580032,0.14127862903345564
6.4,0.6912082571517442,-0.9715042804381888,0.18657494093862437
6.416666666666667,1.5280223883973327,-1.1333007519512952,0.07682137932773596
6.433333333333334,0.6154442323011515,-0.6810489137626191,0.13120362359865292
6.45,0.24151476588059512,-0.3686771202112305,0.02895367661938124
6.466666666666667,0.658219688009954,-0.8294992810101154,0.1720088830272259
6.483333333333333,1.9267874997152552,-0.9382610464411346,0.11791126037557838
6.5,1.8692243520931613,-1.1424139456302211,0.085102503609511
6.516666666666667,1.5849877024560821,-0.9180022298010064,0.13781455837933648
6.533333333333333,1.0314123331975846,-1.0688601925472636,0.0027607245972462446
6.55,0.9913271182314964,-1.047686905066382,0.09286938961745625
6.566666666666666,1.2576218128608867,-0.8268391709294576,0.10906078839430362
6.583333333333333,1.655440020878912,-0.5639590436732771,0.19427096731591129
6.6,1.391112622758015,-1.2378381549130935,0.19095278488565368
6.616666666666666,0.9954972012405467,-1.3129241395605256,0.0880797340770133
6.633333333333334,1.529290148458395,-1.654709128355338,0.17593729484647622
6.65,1.209006579498102,-1.2976766012208107,0.10667159087864307
6.666666666666667,0.4835334320697178,-0.768325012480959,0.09316272475239494
6.683333333333334,0.32345347939918756,-0.8127019908485987,0.09959974987331684
6.7,0.15808054884823164,-0.9337168407897307,0.08615285929962468
6.716666666666667,-0.946139047106254,-1.2090995860107654,0.12794897434981825
6.733333333333333,-0.29959422918290113,-1.3436961637284814,0.18066064636494902
6.75,-0.6768505859576919,-1.4519116402808352,0.07872335271890703
6.766666666666667,-0.4101560174160646,-1.681720908941422,0.13421339105600832
6.783333333333333,-0.9939011768780617,-1.8638895302294414,0.09119889154416841
6.8,-1.5018228216761238,-1.5256376052268237,0.1888350648493761
6.816666666666666,-0.8096531085531548,-1.3132348595163306,0.19062655404965884
6.833333333333333,-0.8194794866460621,-1.4688590842188243,0.18663750782168967
6.85,-0.6834902404929751,-1.4922010470251414,0.07182873811362205
6.866666666666666,-0.7936959256312408,-1.3783871679552273,0.07054210654434301
6.883333333333334,-1.1375895144231702,-0.9414754712796796,0.11825606859844916
6.9,-1.864302532176219,-0.9168658192275587,0.18244956696665848
6.916666666666667,-2.223598672343207,-0.7748988589412301,0.15603288783074087
6.933333333333334,-2.280819957617769,-0.8817222377268238,-0.01055958877128145
6.95,-2.355218610684916,-0.5962427131069529,0.1437498808792579
6.966666666666667,-2.1106994008773854,-0.6208227800421711,0.23883584106084224
6.983333333333333,-1.8026605764205377,-0.9173663825614702,0.11532594255967796
7.0,-1.4880364371176893,-0.49275370037703653,0.09247620191134247
7.016666666666667,-1.4153270012018522,-0.3878928149411525,0.054930721684574565
7.033333333333333,-2.0188514573367002,-0.13555840127428892,0.13862477210182414
7.05,-2.073528120953688,0.46288900028101104,0.15091536729388672
7.066666666666666,-2.000044578443368,0.8504834198892247,0.06794857270378582
7.083333333333333,-0.8290828150088496,1.0736774968112115,0.10775572100771497
7.1,-1.6729809509137472,0.7441062892987969,0.12796117622585948
7.116666666666666,-1.8746023988112508,0.1412366169309861,0.1171169840336834
7.133333333333334,-1.8220942612939623,-0.24053062789722224,0.11802558836844314
7.15,-1.8742910576334713,-0.6003154927489287,0.10188361642507593
7.166666666666667,-1.9495950416704502,-0.2967074978348558,0.1791581118879732
7.183333333333334,-2.0133135357576646,0.34045700180023714,0.10710449006190925
7.2,-1.3430510255703254,0.13828296495574224,0.14075584390596427
7.216666666666667,-1.1734002511116233,-0.2914276197187917,0.049825239673659795
7.233333333333333,-1.2835761282234392,-0.24078736655332486,0.03095985439140006
7.25,-0.17097480951912436,-0.19422951073399994,0.0732489293129023
7.266666666666667,-0.16827382156547863,-0.14999989846231168,0.062094726906519876
7.283333333333333,0.24555613934064532,-0.6807279154108495,0.04823015003848811
7.3,0.6396508577182948,-0.4511415913857513,0.11825347163317312
7.316666666666666,0.6832285037495527,-0.05939271065691021,0.09551583256535857
7.333333333333333,0.9371823734434905,0.08755663521095161,0.17811867068340262
7.35,0.5199923759822465,-0.5403434156908523,0.06276712517756289
7.366666666666666,1.18130685669492,-0.43905243926746623,0.029240158699871413
7.383333333333334,1.3598256059535228,-0.5518402603768888,0.1032131122849306
7.4,1.9034965477441803,-0.43046528566633235,0.1395605973605551
7.416666666666667,1.8456895070118355,-0.08756122817870093,0.13461750551360263
7.433333333333334,1.7215424703955167,-0.17755605153400883,0.07006013104230559
7.45,1.3959672898261586,-0.05090317771499961,0.09459723643480747
7.466666666666667,0.9534594034388975,-0.03351376003637536,0.2148441639514055
7.483333333333333,1.106252511734568,-0.24440100337672918,0.06601810106410169
7.5,0.9592939676758911,-0.140359332826073,-0.018532404961258034
7.516666666666667,0.9203536834532524,-0.27859988691465637,0.09973153363071736
7.533333333333333,0.49498160951038006,-0.24336716896342772,0.1366766539678459
7.55,0.3286846592053872,-0.2511018338257008,0.14022949964728673
7.566666666666666,0.16960040654366437,-0.14596243087169086,0.1038746424992296
7.583333333333333,-0.10889030020720125,-0.04780861930458716,0.03879456084369886
7.6,0.7356003136353559,-0.15664580457406246,0.17132007698966492
7.616666666666666,0.28896158350904494,-0.4435633498934607,0.034722677934416565
7.633333333333334,0.093273688683671,-0.4479389874250349,0.19086872558277293
7.65,-0.5820673340466209,-0.0023409234866629824,0.12887611927064463
7.666666666666667,-0.7695562418751513,-0.11478941332716978,0.1526077747132113
7.683333333333334,-0.1770079984536025,-0.584260366585509,0.057402454337860766
7.7,0.7513855926356584,-0.5553407902490387,0.031865723330473744
7.716666666666667,-0.2797292319122374,-0.676825868434842,0.11061199617720505
7.733333333333333,-0.49730502489381856,-0.49507139846116444,0.12907233246792577
7.75,-0.42166438384063243,-0.05387164179608156,-0.011600227509917918
7.766666666666667,-0.7609885417953839,-0.3877262451585603,0.1263957714592434
7.783333333333333,-1.6976364619530937,-0.12792109250764094,0.11753656542630797
7.8,-1.2420223179242937,0.03577351579478483,0.09400106342722608
7.816666666666666,-1.6392575570406498,0.10623513911145784,0.005821375308973448
7.833333333333333,-1.493956744043937,0.4261953990504397,0.07596565910714179
7.85,-2.205908022162389,0.38467880426384654,0.12902914717395217
7.866666666666666,-3.0139743648029556,0.3266240564528408,0.09959244427031255
7.883333333333334,-3.7030134113922952,0.35534067124659846,0.08308154488277861
7.9,-3.5436055076454807,0.40150152777285397,0.10818040038559792
7.916666666666667,-3.898562716254185,0.20446758657255268,0.07379018995482078
7.933333333333334,-4.402301933989035,0.10700633408910747,0.15700557643608962
7.95,-4.784507122156266,0.654024917284461,0.1770651260467576
7.966666666666667,-4.799218385760432,0.7569907074244031,0.2021081623516281
7.983333333333333,-5.3526035721247816,0.4620247571899333,0.0607206588493663
8.0,-4.4264006939281915,0.8071993640740139,0.09409804243758722
8.016666666666667,-4.258878947274186,0.7328560506322288,0.07180975330443015
8.033333333333333,-4.130747577371957,0.4954898414483435,0.11369162274024618
8.05,-2.9912086092974937,0.8666990445396265,0.16995587219118602
8.066666666666666,-2.460875312031905,1.3127552298529133,0.10447257995424555
8.083333333333334,-2.385571708623036,1.2660148042050472,0.10561875494827568
8.1,-1.8475957851594442,1.493388255746942,0.06967507591417967
8.116666666666667,-2.0422859774092896,1.2526833193557467,0.12305324544433399
8.133333333333333,-2.701272052703787,1.0220157376237042,0.137582746956979
8.15,-2.8828872774409606,0.8161099373110832,0.10802146880267406
8.166666666666666,-2.8441380409219765,0.8464163074428799,0.03416462246058455
8.183333333333334,-3.368811450360476,1.0249927068169602,0.12750407459153373
8.2,-3.230476304836569,1.0608160211795736,0.04426595086004026
8.216666666666667,-3.0393287972490506,0.8860330878558191,0.04402564895377861
8.233333333333333,-3.575265531477365,0.9810348514639939,0.10635900277667895
8.25,-4.124703525626136,1.4480454967198992,0.19391722172113535
8.266666666666667,-4.8533554523725115,1.6949576594490994,0.2161362715811065
8.283333333333333,-4.9661087481093515,1.2137765553222093,0.12858954647216336
8.3,-5.003828572379226,1.062385997663982,0.13054922051245849
8.316666666666666,-4.766932196220453,1.1285085435861066,0.18188917984162056
8.333333333333334,-5.131629804163871,0.93975309737163,0.08946049128172973
8.35,-5.836090592849658,0.7814647604449335,0.09167523545035554
8.366666666666667,-6.4593791363322115,0.588183090122297,0.05957401496259179
8.383333333333333,-7.029246126640674,0.8094526404083832,0.144740108292394
8.4,-6.923916689471963,0.2894197037125482,0.03441261320306041
8.416666666666666,-6.92791000567733,0.4540452134157804,0.035170655045344584
8.433333333333334,-7.794297500733158,0.6269220053132118,0.0863463193994317
8.45,-8.19933433084822,0.7621386820153857,0.10892518325665734
8.466666666666667,-7.815082916995612,0.4289340935372092,0.0912766755178895
8.483333333333333,-7.755170939529158,0.28903571867460853,0.09211918750632268
8.5,-7.66044290687211,0.40945621949925337,0.17920285062009747
8.516666666666667,-7.759747100858996,0.21591890080965967,0.06177116220606467
8.533333333333333,-8.014720796927518,0.24154240187891948,0.09315354879463501
8.55,-7.567475061634018,0.3853591009448216,0.04920146432995405
8.566666666666666,-7.48541758617216,0.6808914203552073,0.13695558042432193
8.583333333333334,-7.650463456394377,0.5022701658175222,0.08470966830029929
8.6,-8.268349314927294,0.3166839042372107,-0.05007552184937117
8.616666666666667,-7.589546088078044,0.1722397407534317,0.12161126663986857
8.633333333333333,-7.2814802464677655,0.19736269744906607,0.049388622634947935
8.65,-6.7149555518454,0.1277082351943828,0.08143673531834023
8.666666666666666,-7.120709258377548,-0.11751247745257778,0.07494868802402338
8.683333333333334,-7.084447672962933,-0.5679832859352405,0.11912587824960504
8.7,-6.800645431823579,-0.47195769050309133,0.10356332290816647
8.716666666666667,-7.256227896084857,-0.18065307218254018,0.18156774374602735
8.733333333333333,-6.797662382056242,-0.5915018388949982,0.16499558332979974
8.75,-7.289364150267305,-0.6845267836087513,0.08098185065621856
8.766666666666667,-8.07557261303573,-0.662279916377106,0.09071518047519278
8.783333333333333,-8.162877953868769,-0.14530133151287705,0.16202091470165972
8.8,-8.521406798018019,-0.09967075369210232,0.1331968316163673
8.816666666666666,-8.582715814516337,-0.4061573655968734,0.15260884372250544
8.833333333333334,-9.271764584937237,-0.01785816472896401,0.14405103277193074
8.85,-9.481018550050145,0.33863414701531563,0.12656654075826457
8.866666666666667,-9.881358682273909,0.42389686611579247,0.19452318140944044
8.883333333333333,-10.114755027100497,0.8136714450561672,0.13465199856840024
8.9,-10.510142119523488,0.8814493706524196,0.03434061689182555
8.916666666666666,-10.962715110246355,0.7040539136635076,0.16213456023169445
8.933333333333334,-11.72013310723627,0.6436687522744571,0.106571332622374
8.95,-12.07665839609906,1.1100391273353316,0.12638557225805747
8.966666666666667,-12.860668333228922,1.2830914882939615,0.10243299351503421
8.983333333333333,-13.177303447668724,1.6480825518190314,0.18099349823168592
9.0,-12.589501288994672,1.0838360405661986,0.06024590539478185
9.016666666666667,-12.610968332788177,1.1499711686580054,0.1454093635262605
9.033333333333333,-12.664051159000701,1.4399089270051353,0.08930018535372483
9.05,-12.462282439079486,1.3185137295691776,0.16717629149087243
9.066666666666666,-12.259344224755782,0.963781075112415,0.04767906054118262
9.083333333333334,-11.43517748703972,1.0759043665079726,0.14133563711190805
9.1,-11.679719958193681,0.7656922924652116,0.09948842353644442
9.116666666666667,-12.061716596683699,0.2631983192739725,0.1994984673905776
9.133333333333333,-13.119873291840708,0.4251742712448335,0.07426545287785893
9.15,-13.217916574413522,0.14627305323355377,0.1563709746068795
9.166666666666666,-13.024810927276283,0.39737068313754476,0.1623210882968345
9.183333333333334,-13.074037125254591,0.6597044110848446,0.10895446738785779
9.2,-12.124363754479235,0.8539478210902905,0.05591111394530755
9.216666666666667,-12.541966650806081,0.45745362847646737,0.012865689924827228
9.233333333333333,-12.85284845958088,0.7757086672060721,0.16246429140048724
9.25,-12.994603114056416,0.7898803208770584,0.14003473316601353
9.266666666666667,-13.00441683773911,0.13060242017285184,0.12066027508747162
9.283333333333333,-12.553276274318655,0.46607823066492426,0.09988911388203159
9.3,-11.8906467747106,0.0029532086580189576,0.12309522531087291
9.316666666666666,-11.853951776656935,0.09282161993212319,0.0855987939307819
9.333333333333334,-12.539258734970005,0.23788445799176178,0.15731729917228615
9.35,-13.003520652585776,0.0889326527326243,0.07551093498567912
9.366666666666667,-12.751079555239574,0.08826805331578243,0.10471699156384816
9.383333333333333,-11.702904218216933,0.22312772462977254,0.07703745096897566
9.4,-12.28620953487388,-0.26648361913385094,0.0598035744669807
9.416666666666666,-12.40978731398184,-0.23217410972544253,0.09047093328617617
9.433333333333334,-12.437944355754281,-1.0080807690569193,0.09396207962345962
9.45,-13.087629310980844,-1.396622958648177,0.0908335460041695
9.466666666666667,-12.657331411902847,-1.5012853918752573,0.13861543695161568
9.483333333333333,-11.620512281683734,-0.95656831093537,0.072923847031878
9.5,-12.54351496832744,-1.10456846086931,0.06905478873138345
9.516666666666667,-12.999177569183864,-0.9330834071879441,0.0778528480544402
9.533333333333333,-13.073455137005777,-0.7791042125783195,0.12315009383096073
9.55,-12.530273597665037,-1.2795704727800867,0.030464930759680584
9.566666666666666,-12.54773675639193,-1.4399703928237755,0.10961406676770026
9.583333333333334,-13.073494556510028,-1.3938322952091011,0.06530748443753408
9.6,-13.527018609036041,-2.230734593058593,0.06039864337844591
9.616666666666667,-13.834152318207565,-2.080717240025251,0.07980022339878487
9.633333333333333,-13.363950604872546,-2.269344495537131,0.12342962417814428
9.65,-13.578045979447577,-2.3599860944676982,0.1078640715494029
9.666666666666666,-13.368707825230707,-2.335224151133631,0.09546923181863184
9.683333333333334,-13.36936766031532,-2.55356365328272,0.08952309203556319
9.7,-12.695195946140966,-3.1621034618939983,0.09139504125857376
9.716666666666667,-13.02408697314602,-2.8333781932731186,0.1155879270363244
9.733333333333333,-12.791915303890823,-2.8009373363137757,0.09136161945256378
9.75,-12.519622431650864,-2.686191182092844,0.04478522853160401
9.766666666666667,-12.967393459716316,-2.861952259579378,0.06332120401154023
9.783333333333333,-14.05777317844025,-2.6036658538069037,0.1291563929778191
9.8,-13.597088577097155,-1.712299174006781,0.2065935648020069
9.816666666666666,-13.658866720934018,-1.9153324274620231,0.16136787022561827
9.833333333333334,-14.389497912383305,-1.1246299674485352,0.21324281026725722
9.85,-14.251849923675064,-1.1026396492752115,0.040461776984650734
9.866666666666667,-14.762733956453923,-1.3459035270704933,0.11273546953814051
9.883333333333333,-15.283069154108993,-1.3057809048487932,0.1559664072800158
9.9,-15.689257956676185,-1.261072452725458,0.09737919985106744
9.916666666666666,-15.776404071175273,-1.8841652120618217,0.16106204422472156
9.933333333333334,-15.944001497924948,-1.590243646678918,0.07491012443774026
9.95,-16.62087491857294,-1.3140950397819213,0.13337865253582679
9.966666666666667,-16.61656102312216,-0.9175232267548581,0.15169741269863687
9.983333333333333,-16.12802174624548,-1.2832869008939136,0.045035383944037416
10.0,-16.014726575422916,-1.1026128895174443,0.15038437971748103
10.016666666666667,-15.944915888474407,-0.9426905465864294,0.0935730090339296
10.033333333333333,-15.462843545725887,-0.5901392990218435,0.06314690842849402
10.05,-15.321356228060969,-0.19409441160391966,0.12460534407589352
10.066666666666666,-15.756705191629427,-0.5505934925757443,0.1529445779089408
10.083333333333334,-15.765456924171925,-0.7169020821116641,0.0710198003482963
10.1,-16.465067834695468,-0.7322022231249407,0.15837480533526835
10.116666666666667,-15.49243730358462,-0.5317054292334256,-0.024425594877396553
10.133333333333333,-15.877057350706338,-0.9069897321553759,0.12600719970889715
10.15,-15.37537396476212,-0.9906075619592642,0.1930247040785923
10.166666666666666,-15.724934405088527,-1.0523829201555415,0.08713088036342577
10.183333333333334,-15.752871450810288,-1.05463624121965,0.11920436479491346
10.2,-16.275544693978443,-1.2228728058217515,0.014816901265750804
10.216666666666667,-15.64613918705341,-0.9804667240071306,0.10265263703771584
10.233333333333333,-16.199770324540303,-0.8792518355931348,0.17152929608605555
10.25,-16.503046171134535,-0.7178899348995649,0.10152086038805966
10.266666666666667,-16.592656129024498,-0.6062609375166196,0.12385273994056986
10.283333333333333,-17.532533069877953,-0.9779807027376336,0.027844164856920414
10.3,-17.99130017442408,-1.600450276190514,0.1563524825695779
10.316666666666666,-18.538018782499925,-1.1502850001625688,0.137333093110466
10.333333333333334,-19.269439507167068,-0.9372796579156772,0.10830296909209888
10.35,-19.180729768995356,-1.0990194036561036,0.06394904745286543
10.366666666666667,-20.05194678762841,-1.195830474876498,0.10645474057855248
10.383333333333333,-19.183462854804564,-1.0994701855383722,0.07898277177059741
10.4,-18.43504488711224,-1.1728714146213965,0.06952051367143296
10.416666666666666,-17.99478276905398,-1.4532410014787704,0.07127262412886064
10.433333333333334,-17.506928739557825,-1.2388813049390377,0.1192729879244038
10.45,-17.98757128942135,-1.2361748745306018,0.014963560926714609
10.466666666666667,-18.050436197242124,-1.566034774483776,0.0381662177836944
10.483333333333333,-18.483145233900558,-1.9090757874614497,0.18673059825748756
10.5,-18.465263401455736,-1.2481678216614975,0.0558950207343098
10.516666666666667,-18.738552275508532,-1.681226273296256,0.0018829392417982899
10.533333333333333,-19.26728447246886,-1.5564825731648972,0.09249442656259636
10.55,-19.585298729912566,-1.6126182484453977,0.052926861257228904
10.566666666666666,-19.73492673437695,-1.3313767249818875,0.059305892227049656
10.583333333333334,-19.77312922870283,-0.9936119219989206,0.041785639072309845
10.6,-19.035237885973558,-0.5927288719447547,0.0902093164332189
10.616666666666667,-18.8456549921228,-0.5346667582484383,0.12512806763550544
10.633333333333333,-18.798650378334404,-0.8745583000097965,0.05339850837752911
10.65,-18.931691442658696,-1.0123309465969044,0.15528216768394362
10.666666666666666,-18.479065587066774,-0.6034329129130045,0.03787142999292026
10.683333333333334,-18.75739849690024,-0.7394415187297535,0.15710726810168946
10.7,-19.29047448434478,-0.6902264674509749,0.10210808455127038
10.716666666666667,-19.14026718980775,-0.46499122639350843,0.09919267536936412
10.733333333333333,-19.30604674642681,-0.638452932409539,0.20736365653626698
10.75,-19.989741779185135,-0.23396095090672753,0.10234072071080472
10.766666666666667,-20.20745461221413,-0.261692056793705,0.14512300897569658
10.783333333333333,-20.202024301731488,0.17914083839944928,0.09826367965861481
10.8,-20.577965477252,-0.7495865069025126,0.08249859578162486
10.816666666666666,-20.832719785014724,-0.41893379150533266,0.13368935263900708
10.833333333333334,-21.453416164522764,-0.20593815912707816,0.02221858876276704
10.85,-20.490191549418277,0.3144471606024253,0.1473143415400687
10.866666666666667,-20.621425780361985,0.424089629340759,0.08713258515768232
10.883333333333333,-21.292841602944605,0.6222317868780558,0.07386602891386453
10.9,-21.815675396645883,0.15223279218111402,0.06731730098420766
10.916666666666666,-22.701532946137206,0.030080502931415648,0.11815829906263255
10.933333333333334,-21.774674843221504,-0.1340423033553461,0.03320678542188833
10.95,-21.41847336564283,-0.3265585204461166,0.23849575340340332
10.966666666666667,-22.155379978223962,-0.3349245513087153,0.12143763850778799
10.983333333333333,-21.81467172270294,-0.18794343193019525,0.015043807649899307
11.0,-21.364770207057887,-0.584488803858962,0.10318542657347875
11.016666666666667,-21.61761858240902,-0.4157430586724704,0.06715041080178288
11.033333333333333,-22.475773501025888,0.13834266293368158,0.06483133047511605
11.05,-21.516645601473723,0.06765410408531809,-0.011243753388060745
11.066666666666666,-21.127057470148042,-0.42462708513982733,0.11808102467640136
11.083333333333334,-20.58478729250153,-0.3648629203130891,0.10463732361803375
11.1,-20.240265275937364,-0.9050478160837012,0.13154979021138527
11.116666666666667,-19.98549506065143,-0.8610537976459168,0.04991514922874164
11.133333333333333,-20.396785375006864,-1.0368536780775357,0.03614591141027626
11.15,-20.304557280963593,-0.8248294197537598,0.07837669310993788
11.166666666666666,-20.46187464403667,0.12939309450697778,0.0636283570069727
11.183333333333334,-20.141453712334982,-0.00730842782074298,0.029343555271908753
11.2,-19.801012381479477,0.10150864657592998,0.035857314439814034
11.216666666666667,-20.50537378954196,0.2876254134659719,0.08787907676496266
11.233333333333333,-20.47510531484082,0.4379779217025006,0.1547133061766439
11.25,-21.134437625132193,0.5400317241061429,0.1306486647035894
11.266666666666667,-20.879269863732464,0.8292053205850095,0.15045438538859623
11.283333333333333,-20.462208027060814,0.11521826166408755,0.10249229835223618
11.3,-20.803601000052943,0.34843067914012504,0.18701591407098048
11.316666666666666,-20.47365114253243,0.08213231035227414,0.10462546274725618
11.333333333333334,-20.355736200822975,0.39988989392743174,0.05496661951754046
11.35,-19.711110461110962,0.43079782557816254,0.10362298419460766
11.366666666666667,-18.435596164177788,0.5917953441377817,0.12258661131012773
11.383333333333333,-18.61769296451524,0.5312596156268465,0.10685706883381206
11.4,-19.43663242407146,0.5615640728625307,0.11184535949395767
11.416666666666666,-18.977019285077027,0.20180156383060527,0.1587908906698677
11.433333333333334,-18.714032523229587,0.7095590950316741,0.13462067723096163
11.45,-18.427166953713236,0.3084502321649025,0.16317946784104498
11.466666666666667,-18.020613536014363,0.12906512554036517,0.12425156815710993
11.483333333333333,-18.47845396531644,-0.022124010514361636,0.11856612681285995
11.5,-18.503408710361473,0.2231061993298278,0.13520711660064436
11.516666666666667,-18.421796023227756,-0.18022953820176243,0.06776089950843348
11.533333333333333,-18.82123233721071,-0.08191815890119702,0.06174616178467346
11.55,-18.50374110103865,-0.2917740372076786,0.11446274051764073
11.566666666666666,-19.507721734068035,0.11142182224715008,0.056086578114746904
11.583333333333334,-18.940860028251773,-0.02387609884150646,0.16915667203593254
11.6,-19.768866089186982,-0.650319440366687,0.07780977196104388
11.616666666666667,-19.88557582622902,-1.1846569065867938,0.05357810278591014
11.633333333333333,-19.99886849300268,-0.766265863152479,0.04339264647008986
11.65,-19.52368990138259,-0.8314232462070603,0.07652479247037988
11.666666666666666,-19.673474070410947,-0.24157861557763405,0.11669219813372209
11.683333333333334,-19.323946114312033,-1.193072408596162,0.2220841018557321
11.7,-18.829973761971267,-1.3398182597977584,0.08854894360058335
11.716666666666667,-18.81377443401767,-1.670643274443904,0.16338328545973504
11.733333333333333,-18.66852343235479,-1.4446258077548042,0.1512138570049681
11.75,-18.52162099927274,-1.5247660787723551,0.05084138321220055
11.766666666666667,-18.707566032902008,-1.2377719249797114,0.06778534708654346
11.783333333333333,-18.469320957157645,-1.0871641444752713,0.1934720966914006
11.8,-18.21718598081508,-1.2007012395745746,-0.011184258515802847
11.816666666666666,-17.70167491289711,-1.3508505994918245,0.07161157586483118
11.833333333333334,-18.02922040233729,-2.0267135623100425,0.10524344214141519
11.85,-17.538788387867566,-1.7646062517218657,0.09127177610664175
11.866666666666667,-17.152721689873587,-1.6822036214795983,0.06892927823938004
11.883333333333333,-17.54348164313847,-1.030596506890449,0.03149928450868979
11.9,-17.816107415080406,-0.8982046239963394,0.07488074024449247
11.916666666666666,-18.005589594725322,-1.0842564939233308,0.20329878157880082
11.933333333333334,-18.93561573605539,-1.0750287596411259,0.08636234199361606
11.95,-18.90843228647865,-0.8628515584878897,0.15746045250474922
11.966666666666667,-18.98872389101413,-1.4492243728303495,0.11364041343086664
11.983333333333333,-18.743264934232883,-1.4180959249515608,0.11492546684874108
12.0,-18.962458636182877,-1.628280920544857,0.11092236084112983
12.016666666666667,-18.378884328944466,-2.2064321272986955,0.16517589964879462
12.033333333333333,-18.677539636302903,-1.8218424669253408,0.0788731422383905
12.05,-18.36391326256409,-1.5899615295488108,0.10810414608975996
12.066666666666666,-18.686201061887104,-1.5532159652605906,0.08035259785601827
12.083333333333334,-18.799876678323333,-1.7871845042850893,0.12813527150978798
12.1,-19.567671386800317,-2.1043726659414257,0.06613890599876074
12.116666666666667,-19.60194401261133,-2.4574125869789563,0.11223471770830623
12.133333333333333,-20.366743824881137,-2.253021892762172,0.04978531181763483
12.15,-20.177153685629435,-2.226496194722407,0.03999410640165468
12.166666666666666,-19.757793702484182,-2.3864542416902275,0.0169668423589565
12.183333333333334,-19.743035359600718,-2.43711297880193,0.11681143193516319
12.2,-19.80200578939199,-2.4086178287104607,0.16015576302721546
12.216666666666667,-19.944207063509907,-2.4240641331327706,0.18155561043585627
12.233333333333333,-20.71934793750491,-2.1040911014889145,0.14244435561161753
12.25,-21.508860571467764,-1.8268255557710544,0.11542164044927292
12.266666666666667,-21.74865415711372,-1.9383777809488902,0.044469177842431575
12.283333333333333,-21.543925825705013,-1.9059979304158867,-0.029913949471118417
12.3,-21.97685521035473,-1.8250181723733472,0.11144309709584878
12.316666666666666,-21.502832895183133,-1.4617919138274629,0.15490485255317504
12.333333333333334,-21.296251389783407,-0.8064614918807366,0.06411666898248913
12.35,-21.938470689792325,-0.7459261822825495,0.12398011392174803
12.366666666666667,-21.907402924651624,-0.4588091939304805,0.08580070603990514
12.383333333333333,-21.69064170206527,-0.5618686684319998,0.06951262535164425
12.4,-22.17539528007702,-0.259076206567742,0.14146616434039955
12.416666666666666,-21.941527323819503,0.057859084783159875,-0.008205467940318095
12.433333333333334,-21.907916886776825,0.30933067861268615,0.0365499198949233
12.45,-22.09771703641884,0.9024720328708963,0.08008699874136595
12.466666666666667,-22.39547012240399,0.5783230274650835,0.12110759535132996
12.483333333333333,-22.858336506534943,0.8927405075552781,0.08480109060233718
12.5,-23.138625126941157,0.7719937392929418,0.10417403094339953
12.516666666666667,-23.264446335762237,0.9191747422178943,0.14933890828235202
12.533333333333333,-23.228578252125693,1.0954907033113712,0.18276336165215198
12.55,-23.580221425011135,1.0358085357438689,0.02180036121562355
12.566666666666666,-23.419577836861087,1.1168526602782487,0.07346484219694166
12.583333333333334,-23.144821658829052,0.9552684630614701,0.09219239489542921
12.6,-22.540234057425398,1.5584309311821132,0.05071144399186342
12.616666666666667,-22.413750663270452,1.6397640791986483,0.03589919428800875
12.633333333333333,-22.518675190756927,1.2673352248448153,0.08067940951209786
12.65,-22.232890578295198,1.3967768211178473,0.1854390321304176
12.666666666666666,-21.60620628028984,1.240620932676749,0.19670453493463522
12.683333333333334,-21.99491541314094,1.458391446080372,0.052163802278600305
12.7,-22.144435920613915,0.5759408692303815,0.12665112218920688
12.716666666666667,-22.66889412332559,0.4884716490833902,0.15059805332759338
12.733333333333333,-21.558800924360526,0.3487793101735257,0.09601783876513438
12.75,-20.56226117076154,0.5193543504611006,0.17131429061387932
12.766666666666667,-20.81762755498237,0.35150302684932355,0.13401206062319332
12.783333333333333,-20.578960184431832,0.4860974638543575,0.13843766542374142
12.8,-20.83027931023946,0.8987295124957448,0.08327432613136955
12.816666666666666,-20.899008204326567,0.4911078015319849,0.1484126611529295
12.833333333333334,-21.01957737637561,0.9757406006332434,0.08154198564553954
12.85,-20.749223219483678,1.0672423468342462,0.13520492828109057
12.866666666666667,-20.942954137033276,0.8838458220351613,0.15541655553176292
12.883333333333333,-21.066790356278005,1.216096807952725,0.09577459427189026
12.9,-20.532093789166975,0.9557246365591728,0.08031370836007311
12.916666666666666,-21.260004588887988,1.138114302881041,0.2362213775696458
12.933333333333334,-20.048400590942947,1.117643929221171,0.09753206477635558
12.95,-19.771627699652853,1.1556806774593749,0.12707773615650242
12.966666666666667,-19.856834194818454,1.1208558138136209,0.09417814341190246
12.983333333333333,-19.985958140492006,1.1710515726841735,0.14736252248439913
13.0,-19.69848030512001,1.3157742077632668,0.1081868955985339
13.016666666666667,-19.59650240773574,1.2775006311339943,0.11846382271685232
13.033333333333333,-19.84087881143397,0.6384005766104794,0.059133694080104486
13.05,-19.46826676980122,0.8549134828924896,0.14015236664712905
13.066666666666666,-19.810336460942573,1.1888431516698124,0.07483123872929781
13.083333333333334,-20.071104008375336,1.378025901044904,0.12524264513468247
13.1,-20.62148493579542,1.3806728467948974,0.1282245773430048
13.116666666666667,-19.390795485411225,1.4181323853410843,-0.07059052280994058
13.133333333333333,-19.999800475010183,2.3145985087720486,0.08645288079674979
13.15,-19.93492795746764,1.8318535942623733,0.16541546400767337
13.166666666666666,-20.64893833795212,2.5562404813035062,0.054441928892205366
13.183333333333334,-21.27864441909931,2.1180685077801717,0.07686607204097612
13.2,-21.264719329028722,1.9712768903103102,0.15439864737338987
13.216666666666667,-22.278803968455023,1.8907960328041136,0.06141612130278362
13.233333333333333,-22.015493713875788,1.9455853262341052,-0.017136791140471036
13.25,-21.703573537190255,1.7218475539050586,0.0743038432359483
13.266666666666667,-22.153711487539677,2.4761565839640047,0.10789326739225308
13.283333333333333,-22.407510168739744,2.5397233061488107,0.13864685717375944
13.3,-22.487617941469768,2.4837172959806257,0.2639129720069324
13.316666666666666,-22.70175370113399,2.199541470477062,0.11745970595701445
13.333333333333334,-22.68917806848437,1.9848962660363514,0.17226834697113844
13.35,-22.97423696151484,2.4174515072774505,0.13785173365747388
13.366666666666667,-22.79738353970485,2.1693591913300683,0.022965732053851953
13.383333333333333,-22.246888548782046,2.3333038207799217,0.10467572122343524
13.4,-21.34002102064461,2.0952759419334215,0.07945985813434081
13.416666666666666,-21.773827778119887,1.81061979250917,0.13742625982685608
13.433333333333334,-22.683231282334564,2.211531087471723,0.02254266734986271
13.45,-22.341216461944835,2.2814549589401634,0.10143617313556011
13.466666666666667,-22.370225823396883,2.6627197011178407,0.08153038486043643
13.483333333333333,-21.100069057659873,2.6106467455479794,0.12874655034437793
13.5,-21.163288961173926,2.8896081203746165,0.12751531933403343
13.516666666666667,-20.461314146876305,2.7235796998056183,0.07853590403604148
13.533333333333333,-20.45141083854599,2.5407364527362093,0.07316194269643961
13.55,-19.964604141422384,2.670116829153075,0.14317377736890943
13.566666666666666,-19.977470882626474,2.9266788365699954,0.10905981894628586
13.583333333333334,-19.48137726378165,3.1373539598638476,0.13274311839390604
13.6,-18.802388821303186,2.6782493082731613,0.2285899785680161
13.616666666666667,-19.40674154749258,3.0753571912477486,0.13637995608934345
13.633333333333333,-19.632300966109774,3.3338855368928138,0.08797898814102745
13.65,-20.429971076737296,3.251334673872358,0.10179984010836009
13.666666666666666,-19.99519887604993,3.3289353287870043,0.1924808107302394
13.683333333333334,-20.260632988225506,3.0295891695342303,0.09157517420646126
13.7,-20.47446101025409,3.5029386672124203,0.1832509869370604
13.716666666666667,-20.803954751469753,3.9321635082918527,0.05485583790733058
13.733333333333333,-20.469066762333053,3.7136506946387455,0.051004316041208905
13.75,-20.595962775748188,3.902295966505476,0.1244880627546805
13.766666666666667,-21.398513454970136,4.364580808043326,0.16040166102872966
13.783333333333333,-21.110925882783675,4.439622253897016,0.13972051931143814
13.8,-21.401074671678508,4.368338430507094,0.13685001511381994
13.816666666666666,-22.041841132090237,4.334141593633424,0.11538049443029785
13.833333333333334,-21.742966247562894,3.947386882387436,0.06525466970861357
13.85,-21.748370021870077,4.217916756524815,0.1130361173695269
13.866666666666667,-22.38675781891325,4.2807904142348665,0.1401767451851599
13.883333333333333,-22.104177291816782,4.944201970789219,0.10130232910726049
13.9,-22.14706552251201,4.589245722307393,0.08039901245834388
13.916666666666666,-21.677956405095724,4.372925622037704,0.11131754212552236
13.933333333333334,-21.237223402149347,4.1255600965648265,0.1848484834134981
13.95,-21.727454757057245,4.202719912370662,0.09998503183529531
13.966666666666667,-22.11541022082723,4.442646864845728,0.06833100325879678
13.983333333333333,-21.446134718338747,4.272147913851205,0.06733713635730544
14.0,-21.48284351562676,4.0890807838614105,0.13702437065368112
14.016666666666667,-21.16821498091055,4.204370495194045,0.1291343494340123
14.033333333333333,-21.891919032442132,4.523590190845455,0.14721816830807316
14.05,-21.799398710980352,4.588294862526733,0.2061521005145748
14.066666666666666,-20.931594461363634,4.587219808757176,0.09266438746564704
14.083333333333334,-20.864966828536694,4.072698403642902,0.05741011839140492
14.1,-20.14175539276403,4.322840082598324,0.04863395651029521
14.116666666666667,-19.47258375419635,4.417592128604836,0.09406754702515953
14.133333333333333,-19.47615503242193,3.9276410141765914,0.02421588082359187
14.15,-19.956823516232525,3.8853363418639795,0.10599019394439377
14.166666666666666,-19.220496642303765,4.181321272085762,0.061570468205849695
14.183333333333334,-18.832618381835047,4.4999494829541185,0.0979104562666874
14.2,-17.990008190923614,4.666423010134954,0.061377647002096525
14.216666666666667,-17.145120377088347,4.435241641683794,0.1496354556870916
14.233333333333333,-16.56569738200418,4.405486181979817,0.13144267141002855
14.25,-16.03299995089211,4.3096874073646925,0.13700598970304528
14.266666666666667,-16.17176356697086,4.297204245464215,0.1757378672722522
14.283333333333333,-16.32304517304924,4.096366698863459,0.024428266902534093
14.3,-15.60951007712305,3.798143274475236,0.18444311858710566
14.316666666666666,-15.749012961212848,4.054041410820072,0.003209293050553619
14.333333333333334,-15.71743454608171,4.831771803517851,0.060703155696977304
14.35,-15.7391611945479,4.763896463844796,0.07082272344318362
14.366666666666667,-15.984216046052282,4.894838615747396,0.08952910664285256
14.383333333333333,-16.831221761593437,5.13634441647998,0.11992913994694997
14.4,-17.712633381690353,5.00608546415339,0.20393728230304986
14.416666666666666,-17.85405789824217,4.809728332068041,-0.0005588173521193507
14.433333333333334,-17.9227658609804,4.649876303809936,0.12899985386781293
14.45,-17.950803972329698,4.733100597315594,0.007541748126689007
14.466666666666667,-18.030557900769885,4.496579251787864,0.09825454982734573
14.483333333333333,-17.742721462342402,4.2245028712487285,0.056178412862028515
14.5,-17.827856756170842,4.395122948143922,0.05279026716184969
14.516666666666667,-17.267107760669624,4.676875759843283,0.04567564670890615
14.533333333333333,-17.70265986644546,4.99827380558998,0.18117555159885823
14.55,-17.043007977716247,4.462821351423037,0.18040424802007915
14.566666666666666,-17.135721553592163,4.24727077409806,0.1331789462875004
14.583333333333334,-16.709513040365703,4.574296618983713,0.02872400485077467
14.6,-16.78067949037532,5.187746559394409,0.09691097778705232
14.616666666666667,-17.74892083460017,4.945408960612119,0.1446140000318398
14.633333333333333,-18.220134959646757,5.365615923335315,-0.02301193121658965
14.65,-18.413470949921937,5.101135197216394,0.0725776706442513
14.666666666666666,-18.78969689872439,4.343438362272079,0.16360160338378277
14.683333333333334,-18.191217300139815,3.8239566660699498,0.1184601012852427
14.7,-18.558197222387534,3.8987283432595703,0.08856730305561339
14.716666666666667,-18.51760649237414,3.6908136111947347,0.13908516823931205
14.733333333333333,-18.2561551303726,3.614788532091254,0.005052406700390838
14.75,-18.83993568518834,3.931708136083374,0.11448866577749643
14.766666666666667,-19.246159396970857,4.110660511163934,0.07073249571461286
14.783333333333333,-18.85296064401838,4.585598990121576,0.1506466800677569
14.8,-19.4509149087086,4.453585132720852,0.20060055698531687
14.816666666666666,-19.41008258506416,4.621426670254152,0.1712144485548705
14.833333333333334,-18.501164193985417,4.427063063206883,0.023023444877716542
14.85,-18.76194761193749,4.86937547448974,0.0724816686542265
14.866666666666667,-18.9629063934391,4.605419897456207,0.06320965910985182
14.883333333333333,-18.965989929328817,4.610280000936143,0.10481311118507433
14.9,-18.405235796341376,4.288934564402816,0.09612875248718228
14.916666666666666,-18.745254973097776,4.574206798490415,0.11963501193160933
14.933333333333334,-18.46652648231761,4.328788967698021,0.09625784950519166
14.95,-18.58108514114897,4.697700295220546,0.09279148910174775
14.966666666666667,-19.012944592486637,4.917567327161896,0.028142908733850197
14.983333333333333,-18.56239129091047,5.015318473638477,0.1036051710204208
15.0,-19.065111037194782,5.004979098310912,0.0016683828225951824
15.016666666666667,-18.64052992765147,4.839348018124739,0.07229493066908096
15.033333333333333,-18.74288650411502,4.848319157192345,0.09323338938559173
15.05,-18.833863895039983,4.6262722296104775,0.09426387226928923
15.066666666666666,-19.1894006473594,4.712000543444926,0.024046514141547987
15.083333333333334,-18.90135798835767,4.793584522730175,0.026966441790492957
15.1,-18.013322188200924,4.916561502840064,0.10107079784797388
15.116666666666667,-17.88985110628165,5.106071725318693,0.026276356871910655
15.133333333333333,-16.989791771740407,4.918145224302936,0.06739094082732255
15.15,-17.058158147590845,5.173310975069779,0.1799622218720339
15.166666666666666,-17.18178054347655,5.119882535502736,0.07314605243274815
15.183333333333334,-16.36535140141957,4.849041029501589,0.08583396692345639
15.2,-15.652254659457743,4.738430964232217,0.13129976273887592
15.216666666666667,-15.71756930807394,4.683751507827353,0.17500585616916095
15.233333333333333,-15.716102242939684,5.07925934067406,0.2034392673465008
15.25,-15.468966518901512,5.449530751176665,0.11159751599935824
15.266666666666667,-16.468634324234692,4.92908254930195,0.16482202046237177
15.283333333333333,-16.349538970139957,4.957979202436623,0.1305326257562331
15.3,-16.948252653089735,5.246064801711456,0.19751374735057475
15.316666666666666,-16.515723446361076,5.278644029932448,0.005228488165143222
15.333333333333334,-16.846608747821797,5.3511976627461735,0.07320084730886398
15.35,-16.48989301695777,5.160597493397809,0.10886953746077832
15.366666666666667,-15.85666182728701,5.240265722383927,0.027446071635514893
15.383333333333333,-16.71218970892585,5.420962698704605,0.1347218193802915
15.4,-16.810848235208883,5.733320384154666,0.16278667345415732
15.416666666666666,-16.867078431051354,5.535644271512874,-0.022511349418531876
15.433333333333334,-17.471143654801782,4.903666113926611,0.08504287722427287
15.45,-17.537571582405082,4.5765710116089675,0.16510901686398494
15.466666666666667,-17.140768611636577,4.162800139885727,0.05847432856831039
15.483333333333333,-18.040124772428843,3.851779527302708,0.10574172512868857
15.5,-18.130775597992155,3.9797506659783193,0.05950915182511487
15.516666666666667,-17.775585206418167,4.2706156120008725,0.04583385013719458
15.533333333333333,-18.05002737709117,4.249388927127716,0.12911460622063667
15.55,-18.002879888151156,3.901876439739337,0.0531964490993823
15.566666666666666,-17.64014949978835,3.3541133473778206,0.12633414186350161
15.583333333333334,-17.560156161086454,3.361670374574432,0.010698459322285594
15.6,-17.605304017137552,2.989038817305329,0.1601847164649705
15.616666666666667,-17.998437542757042,2.9647363161145415,0.048480556706228264
15.633333333333333,-18.87899323401541,2.9585024698496087,0.09894292500417223
15.65,-19.958713840279515,3.1115016317168736,0.20150721196494362
15.666666666666666,-19.62627147401259,2.8647038655029036,0.07441633825680129
15.683333333333334,-19.459906332691435,2.696507856920599,0.014249412398563116
15.7,-18.81462101663038,3.082624592939641,0.13617469115900555
15.716666666666667,-18.400506117631913,2.663147739345557,0.09311587051800088
15.733333333333333,-18.010064080851233,2.603728916226612,0.1438847447398492
15.75,-17.709857738496275,2.380202585891527,0.19982622202285233
15.766666666666667,-17.749477121284443,1.9541104714837536,0.15019634155260575
15.783333333333333,-17.485382020636735,1.824781028216279,0.04587946375205141
15.8,-17.624159209519867,2.0344068027976507,0.12280917704445342
15.816666666666666,-17.947337378291554,1.747304005928328,0.0744966173589851
15.833333333333334,-17.619099475525385,1.1704418124475946,0.11258701477755176
15.85,-18.107093495675606,1.2807730441708869,0.12805303339000298
15.866666666666667,-18.497950329796495,1.2867559300648164,0.07532372870152028
15.883333333333333,-18.719136143950855,1.2471882806579477,0.1334804682630441
15.9,-18.736324367593323,0.8820863831388963,0.05881775160557371
15.916666666666666,-18.19080770246602,0.1359582603773949,0.04737435731482975
15.933333333333334,-18.393948741699006,0.5761009918086983,0.07788630446644762
15.95,-18.85738077199838,0.6126213383388754,0.10716436007940333
15.966666666666667,-18.610461655208052,0.6525235590902683,0.1897939939883297
15.983333333333333,-18.92482465476801,1.1889117561398153,0.1107177008764175
16.0,-18.689167721166484,1.4692845157164633,0.10777315536546109
16.016666666666666,-18.874660430477405,1.5125397671203298,0.12290511545759196
16.033333333333335,-18.672401742024416,1.485771007711844,0.15297263275831427
16.05,-18.00803374156767,1.7567050834491178,0.1306857335689659
16.066666666666666,-17.926380616207744,1.7079898720610076,0.19593603459759307
16.083333333333332,-18.0021046555345,1.8380642986691602,0.027187473701968376
16.1,-18.197963519463265,2.1014633741111495,0.04695690072356601
16.116666666666667,-18.29633445183161,1.9734209213189375,0.07076087569204317
16.133333333333333,-18.077508944238687,2.2768029554425873,0.11732838857792481
16.15,-18.469368153749897,1.9799715365358794,0.15768388367370575
16.166666666666668,-18.60595898317194,2.3685372736890487,0.1385701911740843
16.183333333333334,-17.76653483071896,2.584539345091708,0.10518944793465348
16.2,-16.971009223812075,2.409565532480963,0.05785915602697095
16.216666666666665,-16.44523302119757,2.5811544681946312,0.038283659591148114
16.233333333333334,-16.875201909958207,2.6979442686017565,0.06424245553591965
16.25,-16.75221704201854,2.776741282044453,0.04844902453177428
16.266666666666666,-16.499154810851817,2.4729619118182273,0.04445430364352118
16.283333333333335,-16.603397914710353,1.9824398562332632,0.10376841692159385
16.3,-17.021366958636673,2.540186855775868,0.11037454796635354
16.316666666666666,-17.026696396907806,2.720353928743205,0.07684146320313015
16.333333333333332,-16.97669484426659,3.1305154428612125,0.15574808439142163
16.35,-17.107849369301157,2.858361656132437,0.07218559336895931
16.366666666666667,-17.69397702955679,3.3659340988302757,0.09594954949955453
16.383333333333333,-17.145790894059864,3.7050473772672787,0.06908078767598157
16.4,-16.962131517298662,3.8479276934190705,0.06455494190439147
16.416666666666668,-16.148235420851915,3.7444565834776626,0.11111294346054422
16.433333333333334,-16.574757362250246,3.7511179360667066,0.11202481898067551
16.45,-16.084772762859536,3.995312223307301,0.07479514798696935
16.466666666666665,-16.095492744050627,3.6203820883418856,-0.030286384682395584
16.483333333333334,-15.30507325220002,3.664241490833214,0.1514660624927565
16.5,-15.452708235884204,3.940799273870028,0.11757128806613039
16.516666666666666,-15.131716597237723,4.093862933766819,0.12775387333903038
16.533333333333335,-14.790799433014698,3.888128921704039,0.11064505399591937
16.55,-14.682133735688836,3.424393326665406,0.04733255054810418
16.566666666666666,-14.649522154482957,3.904894804744438,0.10109805729328172
16.583333333333332,-14.538096891700988,3.5231054001272293,0.1259026343851139
16.6,-15.258158670198698,3.6032055760515687,0.11134166772649215
16.616666666666667,-15.704514398758107,3.497523034568326,0.09750690854814859
16.633333333333333,-15.283510492285748,3.5257903630786642,0.07382588565339984
16.65,-14.599523501578599,3.3984518539437776,0.08919210414240206
