iteration,me_cells,me_admitted,me_replaced,explore_pool_best_sdy,explore_stall,explore_boost,explore_std,policy_loss,value_loss,entropy,approx_kl,clip_fraction,total_loss,n_updates,target_kl,max_grad_norm,sil_loss,sil_trajs,sil_windows,sil_updates,mean_reward,sum_reward,buffer_size
291,2.0,10.0,3.0,2.5139361694455147,0.0,0.0,0.9791961908340454,0.1352505385875702,6.032301425933838,1.513677954673767,0.21655264496803284,0.125,1.6418122053146362,1.0,0.027,0.5,284.97878334738994,5.0,690.0,11.0,0.0879499665124144,351.79986604965757,4000.0
292,4.0,8.0,0.0,2.5139361694455147,1.0,0.0,0.9792078733444214,0.12128493189811707,21.782726287841797,1.513695240020752,0.12364418804645538,0.140625,5.565453052520752,1.0,0.0243,0.5,310.53754224275286,5.0,1215.0,19.0,-0.7651558869718004,-3060.6235478872013,4000.0
293,5.0,10.0,1.0,2.5139361694455147,2.0,0.0,0.9792183637619019,0.01442236453294754,12.612493515014648,1.5137187242507935,0.059611380100250244,0.109375,3.166032075881958,1.0,0.02187,0.5,291.6185756010168,5.0,1033.0,17.0,0.11872827387748609,474.91309550994436,4000.0
294,6.0,3.0,2.0,2.5139361694455147,3.0,0.0,0.9792232513427734,0.14170701801776886,8.156997680664062,1.513740062713623,0.1371331810951233,0.15625,2.1794426441192627,1.0,0.019683000000000003,0.5,241.2228321276213,6.0,1168.0,19.0,0.1518662167306211,607.4648669224844,4000.0
295,6.0,1.0,1.0,2.5139361694455147,4.0,0.0,0.9792332649230957,-0.05808953940868378,9.74712085723877,1.5137499570846558,0.19819951057434082,0.125,2.3771770000457764,1.0,0.017714700000000003,0.5,204.27201040167557,6.0,1163.0,19.0,-0.17538210682859723,-701.5284273143889,4000.0
296,3,9,0,1.8990691304206848,0,0.0,0.9792503118515015,0.14281204342842102,5.410294055938721,1.5137701034545898,0.12542985379695892,0.125,1.493871808052063,1.0,0.027,0.5,287.8961124420166,5.0,976.0,16.0,0.0647853460604486,259.1413842417944,4000.0
297,4,9,4,3.8442102670669556,0,0.0,0.9792671799659729,-0.09182818233966827,9.013779640197754,1.5138044357299805,0.14704354107379913,0.15625,2.1601030826568604,1.0,0.0243,0.5,252.94735616048177,5.0,957.0,15.0,-0.11610516006837407,-464.4206402734963,4000.0
298,4,10,1,3.8442102670669556,1,0.0,0.9792752265930176,-0.08199073374271393,7.243790626525879,1.513838291168213,0.06694898754358292,0.109375,1.7274430990219116,1.0,0.02187,0.5,261.8309335708618,5.0,964.0,16.0,0.09754258053745508,390.1703221498203,4000.0
299,5,4,0,3.8442102670669556,2,0.0,0.9792739152908325,-0.12858682870864868,13.208772659301758,1.5138545036315918,0.19462916254997253,0.140625,3.1720924377441406,1.0,0.019683000000000003,0.5,185.6032019721137,5.0,1127.0,18.0,0.15813310100932587,632.5324040373035,4000.0
300,6,2,1,3.8442102670669556,3,0.0,0.9792715311050415,-0.016303259879350662,11.236040115356445,1.5138520002365112,0.05980192869901657,0.0625,2.7911927700042725,1.0,0.017714700000000003,0.5,162.28648135536596,6.0,1194.0,19.0,0.09182711767653721,367.30847070614885,4000.0
301,7,2,1,3.8442102670669556,4,0.0,0.9792680144309998,0.16728965938091278,9.724479675292969,1.5138471126556396,0.03475753217935562,0.15625,2.596895694732666,1.0,0.015943230000000003,0.5,133.78950023651123,7.0,1248.0,20.0,0.09226713863030278,369.0685545212111,4000.0
302,7,2,2,3.8442102670669556,5,0.0,0.9792715311050415,0.29913222789764404,10.303497314453125,1.5138397216796875,0.11771906167268753,0.125,2.87349271774292,1.0,0.014348907000000003,0.5,136.09944870892693,7.0,1061.0,17.0,-0.11282609162193233,-451.30436648772934,4000.0
303,7,2,2,3.8442102670669556,6,0.0,0.9792702198028564,-0.0069366395473480225,12.770217895507812,1.51384699344635,0.09055798500776291,0.125,3.1841039657592773,1.0,0.012914016300000003,0.5,154.61336517333984,7.0,1158.0,19.0,0.13094762945602248,523.7905178240899,4000.0
304,7,0,0,3.8442102670669556,7,0.0,0.9792671203613281,-0.17134185135364532,11.039440155029297,1.5138442516326904,0.08746962994337082,0.140625,2.5870041847229004,1.0,0.011622614670000003,0.5,119.32794048911647,7.0,1158.0,19.0,-0.17016803254191223,-680.6721301676489,4000.0
305,7,1,1,3.8442102670669556,0,0.2,1.0,-0.042745113372802734,9.127761840820312,1.5138378143310547,0.03888730704784393,0.140625,2.2376816272735596,1.0,0.010460353203000003,0.5,92.97686376069721,7.0,1157.0,19.0,0.0922538915696128,369.0155662784512,4000.0
306,7,0,0,3.8442102670669556,1,0.2,1.0,0.10643456876277924,4.200384616851807,1.5559426546096802,0.1546301245689392,0.15625,1.1549748182296753,1.0,0.01,0.5,73.52980041503906,7.0,1157.0,19.0,0.014944781549674808,59.77912619869923,4000.0
307,7,0,0,3.8442102670669556,2,0.2,1.0,-0.025217417627573013,9.909342765808105,1.5559426546096802,0.36400192975997925,0.25,2.4505622386932373,1.0,0.01,0.5,70.6313247680664,7.0,1157.0,19.0,-0.09393789904357547,-375.7515961743019,4000.0
308,7,0,0,3.8442102670669556,3,0.2,1.0,0.0978134274482727,6.9978766441345215,1.5559426546096802,0.07521020621061325,0.09375,1.845726728439331,1.0,0.01,0.5,65.902048512509,7.0,1157.0,19.0,0.1635960354947984,654.3841419791936,4000.0
309,7,0,0,3.8442102670669556,4,0.2,1.0,0.03275686129927635,6.149401664733887,1.5559426546096802,0.15568888187408447,0.21875,1.5685513019561768,1.0,0.01,0.5,68.75610582452072,7.0,1157.0,19.0,0.11406242965770483,456.2497186308193,4000.0
310,8,1,0,3.8442102670669556,5,0.2,1.0,0.046509213745594025,5.198352813720703,1.5559426546096802,0.0647587925195694,0.09375,1.3445415496826172,1.0,0.01,0.5,98.16665865027386,8.0,1459.0,23.0,0.07794648132409876,311.785925296395,4000.0
311,9,1,0,3.8442102670669556,6,0.2,1.0,0.03429238498210907,14.556304931640625,1.5559426546096802,0.10117082297801971,0.0625,3.6718127727508545,1.0,0.01,0.5,115.90504876498518,9.0,1841.0,29.0,-0.2558945904632351,-1023.5783618529404,4000.0
312,9,2,2,3.8442102670669556,7,0.2,1.0,0.11228708177804947,9.913131713867188,1.5559426546096802,0.08443336188793182,0.171875,2.5890140533447266,1.0,0.01,0.5,122.73603294635642,9.0,1849.0,29.0,-0.10765268647892191,-430.61074591568763,4000.0
313,9,0,0,3.8442102670669556,0,0.4,1.0,0.029676437377929688,13.71788501739502,1.5559426546096802,0.0698377899825573,0.1484375,3.4575917720794678,2.0,0.01,0.5,101.697130400559,9.0,1849.0,29.0,-1.1128200357704037,-4451.280143081614,4000.0
314,9,0,0,3.8442102670669556,1,0.4,1.0,0.0781659334897995,4.749340057373047,1.5559426546096802,0.14298436045646667,0.15625,1.2639449834823608,1.0,0.01,0.5,79.14896129739695,9.0,1849.0,29.0,0.14543656632823795,581.7462653129518,4000.0
315,9,0,0,3.8442102670669556,2,0.4,1.0,0.1003187745809555,6.521463394165039,1.5559426546096802,0.026297323405742645,0.140625,1.7291287183761597,1.0,0.01,0.5,68.88057156266838,9.0,1849.0,29.0,0.13332649126194154,533.3059650477662,4000.0
316,9,0,0,3.8442102670669556,3,0.4,1.0,0.10363923013210297,5.006155967712402,1.5559426546096802,0.12692923843860626,0.125,1.353622317314148,1.0,0.01,0.5,65.82655229239629,9.0,1849.0,29.0,0.10886377799742684,435.4551119897074,4000.0
317,9,0,0,3.8442102670669556,4,0.4,1.0,-0.13489362597465515,11.870565414428711,1.5559426546096802,0.0501437671482563,0.09375,2.8311917781829834,1.0,0.01,0.5,65.64465187335837,9.0,1849.0,29.0,0.15217014708199758,608.6805883279903,4000.0
318,9,0,0,3.8442102670669556,5,0.4,1.0,0.19861279428005219,7.070230007171631,1.5559426546096802,0.2600351870059967,0.109375,1.9646143913269043,1.0,0.01,0.5,58.89323958035173,9.0,1849.0,29.0,0.14162497887534295,566.4999155013718,4000.0
319,9,0,0,3.8442102670669556,6,0.4,1.0,-0.055175311863422394,9.73145866394043,1.5559426546096802,0.12716925144195557,0.109375,2.376133441925049,1.0,0.01,0.5,53.51534198892528,9.0,1849.0,29.0,0.027525625755172072,110.10250302068829,4000.0
320,9,0,0,3.8442102670669556,7,0.4,1.0,0.12917135655879974,10.205349922180176,1.5559426546096802,0.40774357318878174,0.21875,2.678952932357788,1.0,0.01,0.5,57.08916868012527,9.0,1849.0,29.0,0.10855466296583195,434.2186518633278,4000.0
321,9,0,0,3.8442102670669556,0,0.6000000000000001,1.0,0.2271701991558075,12.325580596923828,1.5559426546096802,0.14918124675750732,0.125,3.30700945854187,1.0,0.01,0.5,54.01185838107405,9.0,1849.0,29.0,-0.5573798941547599,-2229.5195766190395,4000.0
322,9,0,0,3.8442102670669556,1,0.6000000000000001,1.0,0.16560885310173035,10.225677490234375,1.5559426546096802,0.29013895988464355,0.171875,2.7204723358154297,1.0,0.01,0.5,39.35950963250522,9.0,1849.0,29.0,-0.08559089232612928,-342.3635693045171,4000.0
323,9,0,0,3.8442102670669556,2,0.6000000000000001,1.0,0.18665611743927002,9.446168899536133,1.5559426546096802,0.11538548022508621,0.171875,2.546642303466797,1.0,0.01,0.5,41.14497105828647,9.0,1849.0,29.0,-0.03179853639812506,-127.19414559250026,4000.0
324,9,1,1,3.8442102670669556,3,0.6000000000000001,1.0,-0.21503230929374695,7.990760326385498,1.5559426546096802,0.041885100305080414,0.0625,1.7811018228530884,1.0,0.01,0.5,67.11244277954101,9.0,1891.0,30.0,0.10201639382291133,408.06557529164536,4000.0
325,9,0,0,3.8442102670669556,4,0.6000000000000001,1.0,-0.013552337884902954,12.841014862060547,1.5559426546096802,0.13707813620567322,0.140625,3.19514536857605,1.0,0.01,0.5,50.9426160176595,9.0,1891.0,30.0,-0.1723941986329739,-689.5767945318955,4000.0
326,9,1,1,3.8442102670669556,5,0.6000000000000001,1.0,-0.16614925861358643,9.765430450439453,1.5559426546096802,0.2797220051288605,0.15625,2.2736525535583496,1.0,0.01,0.5,58.951734987894696,9.0,1894.0,30.0,-0.5348797196035232,-2139.518878414093,4000.0
327,9,1,1,3.8442102670669556,6,0.6000000000000001,1.0,0.1607663631439209,5.506718635559082,1.5559426546096802,0.1805640459060669,0.15625,1.5358901023864746,1.0,0.01,0.5,60.87670764923096,9.0,1894.0,30.0,-0.01834786789637013,-73.39147158548053,4000.0
328,9,0,0,3.8442102670669556,7,0.6000000000000001,1.0,0.12280848622322083,7.258833408355713,1.5559426546096802,0.12640215456485748,0.171875,1.9359608888626099,1.0,0.01,0.5,53.76272989908854,9.0,1894.0,30.0,0.13415003006851112,536.6001202740445,4000.0
329,9,1,1,3.8442102670669556,0,0.8,1.0,0.13465367257595062,13.704977989196777,1.5559426546096802,0.1957700401544571,0.15625,3.5593421459198,1.0,0.01,0.5,81.95649916125882,9.0,1951.0,31.0,0.1356744142848823,542.6976571395293,4000.0
330,9,0,0,3.8442102670669556,1,0.8,1.0,0.14832204580307007,3.907531261444092,1.5559426546096802,0.21290723979473114,0.15625,1.1236488819122314,1.0,0.01,0.5,53.970875032486454,9.0,1951.0,31.0,0.1107681216120007,443.0724864480028,4000.0
331,9,0,0,3.8442102670669556,2,0.8,1.0,0.11767815053462982,8.281607627868652,1.5559426546096802,0.12012136727571487,0.109375,2.1865241527557373,1.0,0.01,0.5,47.227306119857296,9.0,1951.0,31.0,0.11296411818888338,451.85647275553356,4000.0
332,10,1,0,3.8442102670669556,3,0.8,1.0,0.05442576855421066,14.598428726196289,1.5559426546096802,0.13407646119594574,0.171875,3.702476978302002,1.0,0.01,0.5,53.897947231928505,10.0,2242.0,36.0,-0.21270832672209083,-850.8333068883634,4000.0
333,10,0,0,3.8442102670669556,4,0.8,1.0,-0.10526250302791595,13.815641403198242,1.5559426546096802,0.2468549609184265,0.171875,3.3470919132232666,1.0,0.01,0.5,52.11357996198866,10.0,2242.0,36.0,-0.02332218492069319,-93.28873968277277,4000.0
334,10,0,0,3.8442102670669556,5,0.8,1.0,-0.11254440993070602,3.4918148517608643,1.5559426546096802,0.21025538444519043,0.21875,0.7588533759117126,1.0,0.01,0.5,61.92075517442491,10.0,2242.0,36.0,0.08147112618885007,325.88450475540026,4000.0
335,10,0,0,3.8442102670669556,6,0.8,1.0,0.06752114742994308,18.5548095703125,1.5559426546096802,0.10802769660949707,0.125,4.704667568206787,1.0,0.01,0.5,41.41915502150854,10.0,2242.0,36.0,-0.27668074276657095,-1106.722971066284,4000.0
