iteration,policy_loss,value_loss,entropy,approx_kl,clip_fraction,total_loss,n_updates,target_kl,max_grad_norm,value_only,mean_reward,sum_reward,buffer_size,sil_loss,sil_trajs,sil_windows,sil_updates
1,0.0,213.24467,0.0,0.0,0.0,213.24467,632.0,0.03,0.5,1.0,1.0509,5254.5241,5000.0,,,,
2,0.0,30.824565,0.0,0.0,0.0,30.824565,632.0,0.03,0.5,1.0,-0.3869,-1934.7444,5000.0,,,,
3,0.0,14.692588,0.0,0.0,0.0,14.692588,632.0,0.03,0.5,1.0,-0.1307,-653.6482,5000.0,,,,
4,0.0,14.323462,0.0,0.0,0.0,14.323462,632.0,0.03,0.5,1.0,-0.1806,-903.0384,5000.0,,,,
5,0.0,9.566035,0.0,0.0,0.0,9.566035,632.0,0.03,0.5,1.0,-0.2021,-1010.6011,5000.0,,,,
6,0.088855,19.183101,-0.362223,0.040313,0.242188,4.884992,2.0,0.03,0.5,,-0.1732,-866.17,5000.0,100.686528,18.0,6053.0,40.0
7,0.033325,17.321646,-0.362257,0.023175,0.1875,4.364099,4.0,0.03,0.5,,-0.1693,-846.6477,5000.0,98.51354,20.0,6319.0,40.0
8,-0.023791,15.576018,-0.361911,0.032311,0.130208,3.870576,3.0,0.03,0.5,,-0.1834,-917.1557,5000.0,97.057088,20.0,6752.0,40.0
9,0.100496,15.06821,-0.361633,0.025037,0.166667,3.86791,3.0,0.03,0.5,,-0.1868,-933.8918,5000.0,96.857088,20.0,6872.0,40.0
10,0.029494,17.371492,-0.361412,0.017387,0.105469,4.372728,4.0,0.03,0.5,,-0.1356,-677.8914,5000.0,96.464814,20.0,7240.0,40.0
11,0.032853,18.346541,-0.361268,0.035577,0.209375,4.61985,5.0,0.03,0.5,,-0.0961,-480.5213,5000.0,99.299943,20.0,7751.0,40.0
12,-0.120881,23.039999,-0.361253,0.035921,0.268229,5.63948,6.0,0.03,0.5,,-0.167,-835.2299,5000.0,99.548685,20.0,7535.0,40.0
13,-0.047433,17.916825,-0.361338,0.024722,0.210938,4.432135,4.0,0.03,0.5,,-0.198,-989.8934,5000.0,98.117255,20.0,7805.0,40.0
14,0.009385,17.933731,-0.361491,0.023417,0.175,4.493179,5.0,0.03,0.5,,-0.1892,-946.1607,5000.0,102.361155,20.0,7805.0,40.0
15,-0.023252,12.806964,-0.361588,0.058879,0.277344,3.178851,4.0,0.027,0.5,,-0.1692,-846.14,5000.0,97.927378,20.0,8053.0,40.0
16,0.098038,12.250774,-0.361711,0.017632,0.179688,3.161093,4.0,0.027,0.5,,-0.2386,-1192.7656,5000.0,97.563334,20.0,8218.0,40.0
17,0.045265,17.947334,-0.361852,0.024745,0.203125,4.532461,5.0,0.027,0.5,,-0.2154,-1077.0125,5000.0,96.986248,20.0,8218.0,40.0
18,0.053714,20.96204,-0.36182,0.024864,0.175781,5.294586,4.0,0.027,0.5,,-0.2069,-1034.669,5000.0,98.692256,20.0,8121.0,40.0
19,0.011097,17.911842,-0.361757,0.043812,0.15625,4.489419,3.0,0.0243,0.5,,-0.1984,-991.8785,5000.0,100.225352,20.0,8121.0,40.0
20,-0.018061,25.303994,-0.361708,0.018069,0.121875,6.308299,5.0,0.0243,0.5,,-0.288,-1439.7574,5000.0,97.484556,20.0,8121.0,40.0
21,-0.071996,20.869476,-0.361765,0.025534,0.166667,5.145736,3.0,0.0243,0.5,,-0.2527,-1263.7007,5000.0,96.589898,20.0,8122.0,40.0
22,-0.00988,30.773335,-0.361853,0.014417,0.101562,7.683815,4.0,0.0243,0.5,,-0.2424,-1212.0974,5000.0,99.441067,20.0,8097.0,40.0
23,0.03626,26.001777,-0.361827,0.039576,0.25,6.537066,5.0,0.02187,0.5,,-0.308,-1540.2197,5000.0,96.16578,20.0,8097.0,40.0
24,-0.011968,27.61552,-0.361989,0.021526,0.152344,6.892274,4.0,0.02187,0.5,,-0.2059,-1029.4677,5000.0,94.305118,20.0,8624.0,40.0
25,-0.061778,19.463394,-0.362249,0.152511,0.078125,4.804433,3.0,0.019683,0.5,,-0.2591,-1295.3224,5000.0,98.239058,20.0,8579.0,40.0
26,-0.010518,24.682154,-0.362358,0.023561,0.179688,6.160383,4.0,0.019683,0.5,,-0.236,-1180.0271,5000.0,96.967016,20.0,9063.0,40.0
27,-0.099727,23.4316,-0.362356,0.014336,0.140625,5.758536,3.0,0.019683,0.5,,-0.3129,-1564.4107,5000.0,97.306977,20.0,9084.0,40.0
28,-0.022185,27.709408,-0.362324,0.017674,0.165625,6.90553,5.0,0.019683,0.5,,-0.24,-1199.8435,5000.0,97.230738,20.0,9069.0,40.0
29,0.05031,20.710214,-0.362297,0.016064,0.13125,5.228226,5.0,0.019683,0.5,,-0.2307,-1153.6866,5000.0,95.459661,20.0,9221.0,40.0
30,-0.004449,21.916993,-0.362422,0.015995,0.153125,5.475161,5.0,0.019683,0.5,,-0.2948,-1473.8754,5000.0,94.749811,20.0,9342.0,40.0
31,-0.021346,22.795006,-0.362598,0.012597,0.140625,5.677768,4.0,0.019683,0.5,,-0.2962,-1481.0424,5000.0,99.558934,20.0,9171.0,40.0
32,-0.014635,22.821091,-0.362723,0.04717,0.135417,5.691001,3.0,0.017715,0.5,,-0.3102,-1550.9943,5000.0,94.861896,20.0,9179.0,40.0
33,0.020342,24.324454,-0.362817,0.017558,0.165625,6.101819,5.0,0.017715,0.5,,-0.2513,-1256.7274,5000.0,97.197735,20.0,9027.0,40.0
34,0.035217,29.429441,-0.362928,0.023821,0.167969,7.39294,4.0,0.017715,0.5,,-0.2462,-1231.2171,5000.0,98.936252,20.0,8599.0,40.0
35,0.067826,31.028087,-0.362938,0.01927,0.1875,7.825211,4.0,0.017715,0.5,,-0.2995,-1497.4378,5000.0,100.324211,20.0,8599.0,40.0
36,-0.087503,26.337852,-0.362805,0.016069,0.190104,6.497323,6.0,0.017715,0.5,,-0.277,-1384.8282,5000.0,95.41983,20.0,8332.0,40.0
37,0.105943,29.923604,-0.362714,0.012892,0.104167,7.587207,3.0,0.017715,0.5,,-0.286,-1429.8418,5000.0,96.945927,20.0,8332.0,40.0
38,0.007388,32.249871,-0.362662,0.015991,0.160156,8.070218,4.0,0.017715,0.5,,-0.3389,-1694.6051,5000.0,93.343025,20.0,8332.0,40.0
39,-0.070394,26.704169,-0.362613,0.01919,0.171875,6.60601,4.0,0.017715,0.5,,-0.3008,-1504.0259,5000.0,94.760507,20.0,8551.0,40.0
40,-0.05458,23.07653,-0.362677,0.015215,0.134375,5.714915,5.0,0.017715,0.5,,-0.3393,-1696.5525,5000.0,95.143674,20.0,8551.0,40.0
41,0.018182,30.036427,-0.362749,0.018648,0.125,7.527652,4.0,0.017715,0.5,,-0.2981,-1490.6541,5000.0,96.634323,20.0,8593.0,40.0
42,4e-06,32.668051,-0.362961,0.019337,0.171875,8.16738,5.0,0.017715,0.5,,-0.3575,-1787.4869,5000.0,97.41029,20.0,8593.0,40.0
43,0.065937,29.394144,-0.363011,0.013048,0.104167,7.414836,3.0,0.017715,0.5,,-0.3067,-1533.5532,5000.0,93.885257,20.0,8502.0,40.0
44,0.09365,32.185826,-0.363005,0.010468,0.109375,8.140469,3.0,0.017715,0.5,,-0.3585,-1792.2944,5000.0,90.796908,20.0,8502.0,40.0
45,0.090363,37.803687,-0.362963,0.01255,0.192708,9.541648,3.0,0.017715,0.5,,-0.3305,-1652.7038,5000.0,91.695133,20.0,8502.0,40.0
46,-0.028712,35.846102,-0.362924,0.015917,0.151042,8.933177,3.0,0.017715,0.5,,-0.3651,-1825.4167,5000.0,93.918309,20.0,8502.0,40.0
47,-0.093225,26.356077,-0.362893,0.023454,0.177083,6.496157,3.0,0.017715,0.5,,-0.3537,-1768.6946,5000.0,90.4007,20.0,8502.0,40.0
48,-0.056805,24.525558,-0.362938,0.016843,0.119792,6.074947,3.0,0.017715,0.5,,-0.3367,-1683.417,5000.0,92.993397,20.0,8502.0,40.0
49,0.087565,37.209919,-0.363051,0.012837,0.140625,9.390408,5.0,0.017715,0.5,,-0.3476,-1737.9906,5000.0,87.755854,20.0,8502.0,40.0
50,-0.022036,24.044485,-0.36316,0.014199,0.161458,5.989449,3.0,0.017715,0.5,,-0.4061,-2030.2736,5000.0,89.427161,20.0,8706.0,40.0
51,-0.037803,34.881664,-0.363335,0.017672,0.166667,8.682976,3.0,0.017715,0.5,,-0.3846,-1923.2194,5000.0,88.449827,20.0,8706.0,40.0
52,-0.00469,31.446154,-0.363507,0.017369,0.16875,7.857212,5.0,0.017715,0.5,,-0.3426,-1712.8183,5000.0,93.339355,20.0,8688.0,40.0
53,-0.103573,26.178153,-0.363595,0.011031,0.057292,6.441329,3.0,0.017715,0.5,,-0.412,-2060.2117,5000.0,94.710716,20.0,8688.0,40.0
54,0.089056,34.66069,-0.363668,0.013009,0.109375,8.754592,3.0,0.017715,0.5,,-0.3374,-1687.0448,5000.0,93.773979,20.0,8581.0,40.0
55,0.037401,36.599937,-0.363781,0.016217,0.171875,9.187749,6.0,0.017715,0.5,,-0.4276,-2138.0989,5000.0,90.811201,20.0,8581.0,40.0
56,-0.014801,30.303696,-0.363844,0.012897,0.125,7.561487,3.0,0.017715,0.5,,-0.3542,-1771.2476,5000.0,91.737794,20.0,8479.0,40.0
57,0.046203,39.799853,-0.363901,0.011669,0.09375,9.996531,3.0,0.017715,0.5,,-0.3586,-1793.0901,5000.0,94.649786,20.0,8302.0,40.0
58,-0.085029,35.867428,-0.363982,0.016026,0.177083,8.882192,6.0,0.017715,0.5,,-0.4352,-2175.8512,5000.0,95.504819,20.0,8302.0,40.0
59,0.031628,40.3604,-0.363993,0.016411,0.135417,10.122093,3.0,0.017715,0.5,,-0.333,-1665.0435,5000.0,94.06341,20.0,8192.0,40.0
60,-0.015725,34.955782,-0.363972,0.017406,0.171875,8.723584,3.0,0.017715,0.5,,-0.3289,-1644.7452,5000.0,92.100233,20.0,8192.0,40.0
61,0.098511,39.897162,-0.363903,0.016338,0.1875,10.073165,5.0,0.017715,0.5,,-0.4262,-2130.9687,5000.0,90.227511,20.0,8192.0,40.0
62,0.036923,35.98959,-0.363792,0.019532,0.175,9.034685,5.0,0.017715,0.5,,-0.4434,-2216.8423,5000.0,91.621608,20.0,8192.0,40.0
63,-0.040454,29.574102,-0.363664,0.019206,0.125,7.353435,3.0,0.017715,0.5,,-0.4026,-2013.1721,5000.0,90.926669,20.0,8192.0,40.0
64,0.135106,46.70722,-0.363597,0.019863,0.171875,11.812274,4.0,0.017715,0.5,,-0.4346,-2172.926,5000.0,94.480292,20.0,8047.0,40.0
65,0.064256,39.63605,-0.363542,0.015923,0.148438,9.973632,4.0,0.017715,0.5,,-0.4786,-2392.8972,5000.0,91.254973,20.0,8047.0,40.0
66,-0.006788,38.58129,-0.363525,0.01447,0.210938,9.638898,4.0,0.017715,0.5,,-0.4487,-2243.4869,5000.0,91.959408,20.0,8209.0,40.0
67,0.081731,44.588938,-0.363517,0.01946,0.1875,11.229329,6.0,0.017715,0.5,,-0.3816,-1907.9206,5000.0,93.919032,20.0,8096.0,40.0
68,-0.18484,26.295155,-0.363492,0.01614,0.136719,6.389312,4.0,0.017715,0.5,,-0.4223,-2111.5715,5000.0,91.37071,20.0,8096.0,40.0
69,0.022146,40.019913,-0.363485,0.014785,0.160156,10.027487,4.0,0.017715,0.5,,-0.449,-2245.1841,5000.0,89.679832,20.0,8096.0,40.0
70,0.002158,41.706502,-0.363466,0.013819,0.171875,10.429147,3.0,0.017715,0.5,,-0.391,-1954.9436,5000.0,90.851044,20.0,7948.0,40.0
71,-0.043056,39.506104,-0.363449,0.017082,0.09375,9.833833,3.0,0.017715,0.5,,-0.449,-2245.1194,5000.0,85.844205,20.0,7948.0,40.0
72,0.104968,36.111034,-0.363378,0.034793,0.09375,9.13309,3.0,0.015943,0.5,,-0.4687,-2343.7454,5000.0,87.681538,20.0,7815.0,40.0
73,0.028215,46.652435,-0.363474,0.02106,0.175,11.691688,5.0,0.015943,0.5,,-0.4298,-2149.0724,5000.0,91.136456,20.0,7815.0,40.0
74,0.080221,32.113828,-0.363695,0.012248,0.152344,8.109042,4.0,0.015943,0.5,,-0.4318,-2159.1422,5000.0,87.38172,20.0,7815.0,40.0
75,-0.017367,36.785505,-0.363908,0.010536,0.113281,9.179374,4.0,0.015943,0.5,,-0.4451,-2225.6616,5000.0,89.256253,20.0,7815.0,40.0
76,-0.053878,39.023844,-0.364127,0.017314,0.2,9.702447,5.0,0.015943,0.5,,-0.4257,-2128.3676,5000.0,88.585389,20.0,8008.0,40.0
77,-0.026755,39.336932,-0.364367,0.024596,0.190625,9.807843,5.0,0.014349,0.5,,-0.4895,-2447.4879,5000.0,90.271407,20.0,8163.0,40.0
78,0.088687,45.654218,-0.36455,0.011259,0.121094,11.502606,4.0,0.014349,0.5,,-0.4387,-2193.611,5000.0,90.601894,20.0,8163.0,40.0
79,-0.018372,33.458709,-0.364553,0.022391,0.164062,8.34667,4.0,0.012914,0.5,,-0.4555,-2277.6605,5000.0,92.102623,20.0,8044.0,40.0
80,-0.031234,44.583817,-0.364588,0.012153,0.109375,11.115085,3.0,0.012914,0.5,,-0.4562,-2281.097,5000.0,90.853855,20.0,8044.0,40.0
81,-0.016133,34.852662,-0.364632,0.008933,0.125,8.697397,3.0,0.012914,0.5,,-0.4501,-2250.4167,5000.0,89.866654,20.0,8044.0,40.0
82,-0.119043,34.111727,-0.364753,0.012239,0.144531,8.409253,4.0,0.012914,0.5,,-0.4582,-2290.773,5000.0,88.143499,20.0,8044.0,40.0
83,-0.018255,38.446,-0.364807,0.011874,0.097656,9.59361,4.0,0.012914,0.5,,-0.4047,-2023.6483,5000.0,86.534766,20.0,8044.0,40.0
84,-0.021204,37.292019,-0.36483,0.010949,0.119792,9.302165,3.0,0.012914,0.5,,-0.4323,-2161.4095,5000.0,93.008311,20.0,7949.0,40.0
85,-0.018003,38.082851,-0.364935,0.009939,0.088542,9.503075,3.0,0.012914,0.5,,-0.4639,-2319.5292,5000.0,86.401997,20.0,7949.0,40.0
86,0.04108,40.422607,-0.365095,0.014068,0.159375,10.147097,5.0,0.012914,0.5,,-0.4588,-2294.1002,5000.0,88.178569,20.0,7949.0,40.0
87,-0.038837,36.291099,-0.365228,0.014054,0.165625,9.034303,5.0,0.012914,0.5,,-0.4476,-2237.9808,5000.0,88.792926,20.0,7918.0,40.0
88,-0.014279,33.37529,-0.365223,0.01273,0.104167,8.329909,3.0,0.012914,0.5,,-0.515,-2575.2401,5000.0,88.319334,20.0,7918.0,40.0
89,0.080604,45.237591,-0.365303,0.00998,0.145833,11.390367,3.0,0.012914,0.5,,-0.4688,-2343.8688,5000.0,86.552749,20.0,7918.0,40.0
90,-0.012852,42.590688,-0.365431,0.012279,0.159375,10.635185,5.0,0.012914,0.5,,-0.3589,-1794.2648,5000.0,89.7125,20.0,7907.0,40.0
91,0.037692,39.4605,-0.365508,0.009339,0.135417,9.903182,3.0,0.012914,0.5,,-0.487,-2435.086,5000.0,93.463137,20.0,7907.0,40.0
92,-0.095472,35.064672,-0.365391,0.013318,0.184375,8.671061,5.0,0.012914,0.5,,-0.39,-1950.082,5000.0,90.439369,20.0,7907.0,40.0
93,0.01351,33.308973,-0.36533,0.009077,0.097656,8.341119,4.0,0.012914,0.5,,-0.3847,-1923.5398,5000.0,90.472184,20.0,7898.0,40.0
94,0.025083,37.508197,-0.365325,0.018826,0.113281,9.402497,4.0,0.012914,0.5,,-0.4498,-2249.0789,5000.0,92.988397,20.0,7898.0,40.0
95,-0.046839,36.742888,-0.365339,0.011664,0.125,9.139249,3.0,0.012914,0.5,,-0.4727,-2363.6797,5000.0,89.712446,20.0,7857.0,40.0
96,0.022295,37.45451,-0.365379,0.013553,0.078125,9.386288,5.0,0.012914,0.5,,-0.4155,-2077.3313,5000.0,85.629413,20.0,7857.0,40.0
97,-0.026898,30.498228,-0.365371,0.018177,0.140625,7.598024,4.0,0.012914,0.5,,-0.4541,-2270.3666,5000.0,89.856468,20.0,7857.0,40.0
98,-0.024113,39.749076,-0.365404,0.017834,0.210938,9.913521,4.0,0.012914,0.5,,-0.4569,-2284.6435,5000.0,83.473922,20.0,7760.0,40.0
99,-0.04256,36.96992,-0.36556,0.02019,0.140625,9.200285,3.0,0.011623,0.5,,-0.4498,-2248.8956,5000.0,86.534737,20.0,7637.0,40.0
100,0.044904,39.419107,-0.36569,0.01417,0.171875,9.900046,3.0,0.011623,0.5,,-0.4813,-2406.2521,5000.0,86.9324,20.0,7637.0,40.0
101,0.094272,40.453222,-0.365755,0.015243,0.125,10.207944,3.0,0.011623,0.5,,-0.4461,-2230.3339,5000.0,87.324281,20.0,7605.0,40.0
102,-0.01018,41.913395,-0.365857,0.010253,0.132812,10.468535,4.0,0.011623,0.5,,-0.468,-2340.1132,5000.0,87.467541,20.0,7605.0,40.0
103,0.079832,51.953252,-0.365997,0.013355,0.105469,13.068511,4.0,0.011623,0.5,,-0.4698,-2348.9283,5000.0,85.679933,20.0,7652.0,40.0
104,-0.002558,52.414997,-0.366094,0.006666,0.082031,13.101557,4.0,0.011623,0.5,,-0.4771,-2385.5721,5000.0,88.541267,20.0,7652.0,40.0
105,0.112623,47.358885,-0.366101,0.025591,0.171875,11.95271,3.0,0.01046,0.5,,-0.5399,-2699.3426,5000.0,87.581147,20.0,7652.0,40.0
106,-0.053266,39.391468,-0.366078,0.023556,0.104167,9.794967,3.0,0.01,0.5,,-0.4728,-2363.8121,5000.0,84.636987,20.0,7652.0,40.0
107,0.009659,35.279882,-0.366029,0.011219,0.078125,8.829996,3.0,0.01,0.5,,-0.4372,-2185.7712,5000.0,87.718796,20.0,7652.0,40.0
108,-0.158713,37.067936,-0.36599,0.008413,0.072917,9.108638,3.0,0.01,0.5,,-0.432,-2160.0148,5000.0,85.462268,20.0,7724.0,40.0
109,-0.022507,45.458966,-0.36598,0.009965,0.113281,11.342601,4.0,0.01,0.5,,-0.4841,-2420.4225,5000.0,83.640117,20.0,7724.0,40.0
110,-0.040376,43.818478,-0.365995,0.015871,0.088542,10.91461,3.0,0.01,0.5,,-0.4368,-2183.8513,5000.0,80.018458,20.0,7635.0,40.0
111,0.064214,52.999551,-0.366004,0.009765,0.125,13.314468,3.0,0.01,0.5,,-0.4898,-2448.8055,5000.0,86.49665,20.0,7635.0,40.0
112,0.027203,42.432916,-0.366038,0.007999,0.0625,10.635798,3.0,0.01,0.5,,-0.8088,-4043.8284,5000.0,84.619876,20.0,7635.0,40.0
113,-0.011412,45.753857,-0.366065,0.013221,0.130208,11.427418,3.0,0.01,0.5,,-0.4734,-2367.0013,5000.0,80.454521,20.0,7635.0,40.0
114,0.068873,42.058469,-0.366066,0.013634,0.166667,10.583857,3.0,0.01,0.5,,-0.5406,-2703.1765,5000.0,83.44075,20.0,7635.0,40.0
115,-0.065082,43.336536,-0.366055,0.009386,0.098958,10.769419,3.0,0.01,0.5,,-0.4639,-2319.6714,5000.0,80.425699,20.0,7635.0,40.0
116,0.043684,42.934502,-0.36606,0.009241,0.0625,10.777675,3.0,0.01,0.5,,-0.4136,-2068.1872,5000.0,82.242909,20.0,7427.0,40.0
117,-0.021175,48.041759,-0.366074,0.00664,0.083333,11.989631,3.0,0.01,0.5,,-0.5158,-2578.7857,5000.0,81.504327,20.0,7427.0,40.0
118,0.122229,54.72205,-0.366122,0.011136,0.135417,13.803108,3.0,0.01,0.5,,-0.5224,-2611.825,5000.0,80.682682,20.0,7427.0,40.0
119,-0.004526,43.887415,-0.366166,0.007606,0.109375,10.967694,4.0,0.01,0.5,,-0.5026,-2513.143,5000.0,78.743903,20.0,7427.0,40.0
120,-0.038764,41.057137,-0.36623,0.008357,0.119792,10.225886,3.0,0.01,0.5,,-0.4704,-2352.2384,5000.0,77.774333,20.0,7427.0,40.0
121,0.110604,50.43434,-0.366196,0.008632,0.125,12.719555,4.0,0.01,0.5,,-0.4571,-2285.6746,5000.0,80.844946,20.0,7427.0,40.0
122,-0.000354,39.739766,-0.366093,0.010436,0.125,9.934954,3.0,0.01,0.5,,-0.4286,-2142.8003,5000.0,76.106189,20.0,7427.0,40.0
123,-0.094674,37.796846,-0.366013,0.006493,0.067708,9.354904,3.0,0.01,0.5,,-0.4675,-2337.6375,5000.0,82.517438,20.0,7427.0,40.0
124,0.058716,55.417519,-0.365958,0.007016,0.104167,13.913462,3.0,0.01,0.5,,-0.5041,-2520.4574,5000.0,79.517558,20.0,7427.0,40.0
125,0.049153,49.700358,-0.36595,0.010073,0.067708,12.474608,3.0,0.01,0.5,,-0.5543,-2771.5309,5000.0,76.7617,20.0,7427.0,40.0
126,-0.064012,43.561783,-0.365891,0.011617,0.121875,10.8268,5.0,0.01,0.5,,-0.4513,-2256.4824,5000.0,76.888581,20.0,7552.0,40.0
127,-0.042828,49.221493,-0.365834,0.008447,0.105469,12.262911,4.0,0.01,0.5,,-0.5517,-2758.6511,5000.0,80.384198,20.0,7552.0,40.0
128,-0.034123,41.922801,-0.365796,0.00681,0.09375,10.446943,3.0,0.01,0.5,,-0.4774,-2387.1921,5000.0,77.599194,20.0,7705.0,40.0
129,0.053135,42.409133,-0.365839,0.007315,0.088542,10.655785,3.0,0.01,0.5,,-0.4939,-2469.3909,5000.0,78.412276,20.0,7705.0,40.0
130,0.051034,44.834167,-0.365857,0.015545,0.140625,11.259942,3.0,0.01,0.5,,-0.4727,-2363.5397,5000.0,77.037033,20.0,7705.0,40.0
131,-0.017723,36.710331,-0.365854,0.011722,0.114583,9.160225,3.0,0.01,0.5,,-0.4435,-2217.3112,5000.0,76.403906,20.0,7705.0,40.0
132,0.125878,47.004377,-0.36592,0.01023,0.03125,11.877338,3.0,0.01,0.5,,-0.4376,-2188.0778,5000.0,71.937493,20.0,7705.0,40.0
133,0.090542,41.840363,-0.365986,0.014006,0.182292,10.550999,3.0,0.01,0.5,,-0.4797,-2398.3052,5000.0,73.496616,20.0,7705.0,40.0
134,0.132773,52.901933,-0.365997,0.009793,0.130208,13.358622,3.0,0.01,0.5,,-0.487,-2435.2043,5000.0,73.97943,20.0,7705.0,40.0
135,0.017533,45.124197,-0.365964,0.022201,0.109375,11.298949,4.0,0.01,0.5,,-0.4438,-2219.2249,5000.0,74.094584,20.0,7705.0,40.0
136,-0.020176,46.537757,-0.365911,0.010459,0.134375,11.614629,5.0,0.01,0.5,,-0.474,-2370.0868,5000.0,74.065238,20.0,7705.0,40.0
137,-0.085742,44.531024,-0.365899,0.009619,0.088542,11.047379,3.0,0.01,0.5,,-0.4515,-2257.597,5000.0,74.333817,20.0,7705.0,40.0
138,0.055709,52.396881,-0.365965,0.03364,0.21875,13.155295,4.0,0.01,5.0,,-0.4758,-2379.1533,5000.0,119.805562,20.0,7705.0,40.0
139,-0.096644,37.211224,-0.365967,0.02625,0.1875,9.206528,2.0,0.01,5.0,,-0.5613,-2806.2663,5000.0,120.717363,20.0,7705.0,40.0
140,-0.044563,35.025953,-0.365965,0.031797,0.265625,8.712292,2.0,0.01,5.0,,-0.489,-2445.2011,5000.0,116.308557,20.0,7705.0,40.0
141,0.012052,42.037689,-0.365985,0.043246,0.242188,10.521841,2.0,0.01,5.0,,-0.5541,-2770.7247,5000.0,107.691786,20.0,7534.0,40.0
142,-0.058784,43.952765,-0.366027,0.017634,0.15625,10.929773,2.0,0.01,5.0,,-0.4372,-2185.9624,5000.0,115.687399,20.0,7627.0,40.0
143,-0.088131,37.01911,-0.36586,0.012754,0.140625,9.167013,2.0,0.01,5.0,,-0.4443,-2221.2772,5000.0,105.336106,20.0,7627.0,40.0
144,-0.082489,44.462757,-0.365646,0.062189,0.117188,11.033565,2.0,0.01,5.0,,-0.4903,-2451.3072,5000.0,104.560785,20.0,7627.0,40.0
145,0.231708,54.252753,-0.365624,0.154179,0.119792,13.795261,3.0,0.01,5.0,,-0.5978,-2989.0006,5000.0,105.440505,20.0,7627.0,40.0
146,0.095976,41.166203,-0.366019,0.011162,0.161458,10.387893,3.0,0.01,5.0,,-0.4744,-2372.2414,5000.0,100.846108,20.0,7674.0,40.0
147,-0.03784,44.191939,-0.366295,0.018307,0.1875,11.010511,3.0,0.01,5.0,,-0.4982,-2490.9331,5000.0,96.103757,20.0,7674.0,40.0
148,0.07122,47.95158,-0.366583,0.007892,0.125,12.059482,2.0,0.01,5.0,,-0.5182,-2591.244,5000.0,95.084847,20.0,7674.0,40.0
149,-0.031969,47.043968,-0.36674,0.009348,0.119792,11.72939,3.0,0.01,5.0,,-0.4893,-2446.6152,5000.0,88.972954,20.0,7793.0,40.0
150,-0.023354,45.402882,-0.367036,0.020741,0.125,11.327733,3.0,0.01,5.0,,-0.4096,-2048.2169,5000.0,90.744889,20.0,7677.0,40.0
151,0.071966,48.745942,-0.367149,0.013466,0.109375,12.258818,3.0,0.01,5.0,,-0.5196,-2597.898,5000.0,94.247515,20.0,7677.0,40.0
152,0.146369,66.366267,-0.367454,0.039865,0.171875,16.738304,3.0,0.01,5.0,,-0.5533,-2766.3462,5000.0,92.295203,20.0,7677.0,40.0
153,0.003243,43.130238,-0.368014,0.010106,0.151042,10.786171,3.0,0.01,5.0,,-0.5256,-2628.006,5000.0,94.94091,20.0,7677.0,40.0
154,-0.096947,51.282185,-0.368323,0.009529,0.098958,12.723967,3.0,0.01,5.0,,-0.5372,-2685.8576,5000.0,90.785575,20.0,7677.0,40.0
155,0.078445,51.357786,-0.368403,0.01225,0.125,12.918259,3.0,0.01,5.0,,-0.5416,-2708.0827,5000.0,91.19754,20.0,7677.0,40.0
156,-0.132495,55.008628,-0.368562,0.014966,0.114583,13.62003,3.0,0.01,5.0,,-0.5443,-2721.3344,5000.0,84.714373,20.0,7677.0,40.0
157,-0.003288,43.171085,-0.368927,0.011209,0.114583,10.789852,3.0,0.01,5.0,,-0.5136,-2567.7949,5000.0,89.635075,20.0,7677.0,40.0
158,-0.091104,35.672687,-0.369398,0.01457,0.117188,8.827437,4.0,0.01,5.0,,-0.4725,-2362.5078,5000.0,83.200236,20.0,7655.0,40.0
159,-0.032714,52.482425,-0.369837,0.011466,0.140625,13.088263,4.0,0.01,5.0,,-0.5361,-2680.3439,5000.0,82.975983,20.0,7655.0,40.0
160,0.01307,50.361417,-0.369625,0.012745,0.15625,12.603793,5.0,0.01,5.0,,-0.4928,-2464.0347,5000.0,85.792017,20.0,7655.0,40.0
161,0.047466,52.894863,-0.369222,0.014738,0.125,13.27155,3.0,0.01,5.0,,-0.5559,-2779.5815,5000.0,85.388982,20.0,7655.0,40.0
162,0.093619,36.063789,-0.369032,0.009679,0.140625,9.109935,3.0,0.01,5.0,,-0.5132,-2565.7564,5000.0,80.240543,20.0,7655.0,40.0
163,0.009602,38.895275,-0.368793,0.008545,0.046875,9.73379,2.0,0.01,5.0,,-0.4779,-2389.679,5000.0,81.152651,20.0,7655.0,40.0
164,0.009566,55.084109,-0.368643,0.008041,0.121094,13.780962,4.0,0.01,5.0,,-0.4876,-2438.0682,5000.0,81.473135,20.0,7805.0,40.0
165,-0.035855,49.346441,-0.368557,0.012137,0.074219,12.301124,4.0,0.01,5.0,,-0.4968,-2483.7993,5000.0,83.554846,20.0,7805.0,40.0
166,0.06388,58.887652,-0.368366,0.01394,0.148438,14.786161,4.0,0.01,5.0,,-0.5188,-2593.845,5000.0,82.451638,20.0,7805.0,40.0
167,-0.061843,49.779095,-0.36813,0.014339,0.135417,12.383299,3.0,0.01,5.0,,-0.5716,-2857.9252,5000.0,78.744115,20.0,7805.0,40.0
168,-0.026176,53.776145,-0.36783,0.015027,0.097656,13.418228,4.0,0.01,5.0,,-0.5092,-2546.0496,5000.0,82.391009,20.0,7794.0,40.0
169,-0.125569,50.531605,-0.36764,0.007302,0.114583,12.507699,3.0,0.01,5.0,,-0.5422,-2710.7562,5000.0,85.46355,20.0,7794.0,40.0
170,-0.025312,52.196805,-0.36753,0.007025,0.097656,13.024256,4.0,0.01,5.0,,-0.5322,-2660.8937,5000.0,81.576412,20.0,7794.0,40.0
171,0.052528,56.912617,-0.367564,0.008968,0.074219,14.28105,4.0,0.01,5.0,,-0.5606,-2803.2017,5000.0,83.525736,20.0,7794.0,40.0
172,0.06901,64.554704,-0.36785,0.011916,0.09375,16.208054,5.0,0.01,5.0,,-0.5316,-2658.0031,5000.0,79.091893,20.0,7794.0,40.0
173,-0.019713,45.268547,-0.368143,0.009138,0.083333,11.297792,3.0,0.01,5.0,,-0.5744,-2871.8839,5000.0,78.400628,20.0,7794.0,40.0
174,-0.178401,52.118046,-0.368355,0.010056,0.039062,12.851479,2.0,0.01,5.0,,-0.5648,-2824.0177,5000.0,77.007389,20.0,7794.0,40.0
175,1.2e-05,47.67832,-0.368835,0.018734,0.115625,11.919961,5.0,0.01,5.0,,-0.5229,-2614.5914,5000.0,72.884383,20.0,7794.0,40.0
176,0.064526,49.911538,-0.369318,0.014691,0.15625,12.54278,3.0,0.01,5.0,,-0.5163,-2581.6467,5000.0,77.071637,20.0,7907.0,40.0
177,0.082471,52.290703,-0.369535,0.006747,0.072917,13.155517,3.0,0.01,5.0,,-0.5431,-2715.4977,5000.0,78.197234,20.0,7907.0,40.0
178,-0.093945,49.618743,-0.369651,0.00841,0.097656,12.311111,4.0,0.01,5.0,,-0.5103,-2551.3117,5000.0,73.686608,20.0,7907.0,40.0
179,-0.062203,44.669033,-0.36959,0.017137,0.132812,11.105425,4.0,0.01,5.0,,-0.4843,-2421.3658,5000.0,74.228174,20.0,7907.0,40.0
180,0.061778,55.173242,-0.369517,0.010182,0.121094,13.855457,4.0,0.01,5.0,,-0.4818,-2408.865,5000.0,72.065975,20.0,8008.0,40.0
181,0.029204,51.254761,-0.369483,0.009512,0.083333,12.843263,3.0,0.01,5.0,,-0.5523,-2761.5363,5000.0,71.871212,20.0,8008.0,40.0
182,-0.064397,52.055078,-0.369455,0.015298,0.144531,12.949742,4.0,0.01,5.0,,-0.5105,-2552.5892,5000.0,70.505343,20.0,8008.0,40.0
183,-0.017822,48.229012,-0.369383,0.006306,0.057292,12.0398,3.0,0.01,5.0,,-0.5231,-2615.4971,5000.0,70.5684,20.0,8008.0,40.0
184,-0.071348,41.698702,-0.369323,0.008057,0.104167,10.353697,3.0,0.01,5.0,,-0.551,-2754.8163,5000.0,69.73727,20.0,8008.0,40.0
185,0.010114,51.831512,-0.369232,0.010396,0.088542,12.968361,3.0,0.01,5.0,,-0.5967,-2983.5834,5000.0,68.648015,20.0,8008.0,40.0
186,-0.012246,49.83875,-0.369167,0.009618,0.109375,12.447811,3.0,0.01,5.0,,-0.5188,-2593.8121,5000.0,67.509315,20.0,8008.0,40.0
187,-0.008306,59.199814,-0.369141,0.011582,0.097656,14.792016,4.0,0.01,5.0,,-0.5698,-2849.1629,5000.0,68.432784,20.0,8008.0,40.0
188,0.085148,52.372898,-0.369217,0.008921,0.09375,13.178741,3.0,0.01,5.0,,-0.574,-2869.9326,5000.0,65.953057,20.0,8008.0,40.0
189,-0.006594,46.314657,-0.369091,0.011892,0.165625,11.572439,5.0,0.01,5.0,,-0.5555,-2777.5148,5000.0,68.494744,20.0,8008.0,40.0
190,-0.03187,50.949206,-0.369187,0.057757,0.101562,12.705801,4.0,0.01,5.0,,-0.5411,-2705.5523,5000.0,68.322149,20.0,8008.0,40.0
