iteration,me_cells,me_admitted,me_replaced,me_cell_size,explore_pool_best_sdy,explore_stall,explore_boost,policy_loss,value_loss,entropy,approx_kl,clip_fraction,total_loss,n_updates,target_kl,max_grad_norm,sil_loss,sil_trajs,sil_windows,sil_updates,mean_reward,sum_reward,buffer_size
41,4.0,14.0,5.0,5.0,3.26,0.0,0.0,-0.012995,305.66554,1.522768,0.01599,0.145,76.401866,25.0,0.03,0.5,370.708367,5.0,1133.0,18.0,0.8574,5487.1054,6400.0
42,4.0,14.0,3.0,5.0,3.26,1.0,0.0,-0.029499,15.131977,1.522345,0.008667,0.01875,3.751973,15.0,0.033,0.5,334.451848,5.0,896.0,14.0,-0.1259,-805.8452,6400.0
43,4.0,15.0,3.0,5.0,3.26,2.0,0.0,-0.047976,11.928201,1.5217,0.081024,0.023438,2.932553,2.0,0.0297,0.5,343.357451,5.0,899.0,15.0,-0.1127,-721.0421,6400.0
44,5.0,11.0,0.0,5.0,3.26,3.0,0.0,0.015947,10.213286,1.522213,0.022193,0.032986,2.567747,9.0,0.0297,0.5,291.871679,5.0,722.0,12.0,-0.3412,-2183.6037,6400.0
45,7.0,4.0,2.0,5.0,3.26,4.0,0.0,-0.014837,10.399883,1.521321,0.007957,0.01875,2.583613,15.0,0.03267,0.5,300.469215,7.0,1457.0,23.0,0.0657,420.4635,6400.0
46,7.0,0.0,0.0,5.0,3.26,5.0,0.0,0.031069,12.371519,1.520773,0.012716,0.021484,3.122428,16.0,0.035937,0.5,292.650936,7.0,1457.0,23.0,-0.0487,-311.4559,6400.0
47,7.0,1.0,1.0,5.0,3.26,6.0,0.0,-0.023896,9.716062,1.520545,0.010487,0.024089,2.403599,24.0,0.039531,0.5,314.857189,7.0,1418.0,23.0,-0.496,-3174.4094,6400.0
48,7.0,0.0,0.0,5.0,3.26,7.0,0.0,-0.005139,7.584519,1.517026,0.012726,0.025276,1.889473,34.0,0.043484,0.5,311.407043,7.0,1418.0,23.0,-0.4457,-2852.3381,6400.0
49,7.0,1.0,1.0,5.0,3.26,0.0,0.2,0.024168,6.805801,1.515944,0.025048,0.029948,1.724102,12.0,0.043484,0.5,318.41697,7.0,1303.0,21.0,-0.2727,-1744.9869,6400.0
50,7.0,1.0,1.0,5.0,3.26,1.0,0.2,-0.025777,6.637185,1.915495,0.026773,0.04375,1.631603,15.0,0.043484,0.5,271.658537,7.0,1304.0,21.0,-0.3588,-2296.1353,6400.0
51,7.0,0.0,0.0,5.0,3.26,2.0,0.2,-0.021021,8.260651,1.915173,0.05436,0.0625,2.042227,3.0,0.043484,0.5,264.530505,7.0,1304.0,21.0,-0.1774,-1135.4793,6400.0
52,7.0,1.0,1.0,5.0,3.26,3.0,0.2,0.053694,9.001829,1.915108,0.053616,0.0625,2.302236,3.0,0.043484,0.5,264.526789,7.0,1303.0,21.0,0.0895,572.5611,6400.0
53,7.0,0.0,0.0,5.0,3.26,4.0,0.2,0.006754,8.013568,1.915046,0.036561,0.05,2.008231,5.0,0.043484,0.5,261.929354,7.0,1303.0,21.0,-0.3908,-2500.9024,6400.0
54,7.0,1.0,1.0,5.0,3.26,5.0,0.2,0.046927,13.203085,1.915009,0.038285,0.059375,3.345783,5.0,0.043484,0.5,272.078383,7.0,1055.0,17.0,-0.0324,-207.0627,6400.0
55,7.0,0.0,0.0,5.0,3.26,6.0,0.2,0.003168,7.974337,1.914668,0.034055,0.058594,1.994837,12.0,0.043484,0.5,269.723549,7.0,1055.0,17.0,-0.4463,-2856.6385,6400.0
56,7.0,0.0,0.0,5.0,3.26,7.0,0.2,-0.120736,4.64832,1.914323,0.0775,0.078125,1.03943,1.0,0.039135,0.5,261.66447,7.0,1055.0,17.0,-0.1934,-1237.5712,6400.0
57,7.0,0.0,0.0,5.0,3.26,0.0,0.4,0.030048,8.278756,1.914161,0.036699,0.0625,2.097823,4.0,0.039135,0.5,260.395386,7.0,1055.0,17.0,0.0913,584.6381,6400.0
58,7.0,0.0,0.0,5.0,3.26,1.0,0.4,0.074283,4.206199,2.314049,0.168803,0.171875,1.123519,1.0,0.035222,0.5,215.97385,7.0,1055.0,17.0,-0.2453,-1570.0968,6400.0
59,7.0,0.0,0.0,5.0,3.26,2.0,0.4,-0.162321,7.381611,2.314002,0.089119,0.15625,1.680768,1.0,0.0317,0.5,215.023194,7.0,1055.0,17.0,-0.1598,-1022.651,6400.0
60,7.0,0.0,0.0,5.0,3.26,3.0,0.4,-0.088967,6.315236,2.313961,0.129058,0.171875,1.487528,1.0,0.02853,0.5,206.613965,7.0,1055.0,17.0,-0.1468,-939.445,6400.0
61,7.0,1.0,1.0,5.0,3.26,4.0,0.4,0.025205,4.792607,2.313926,0.09016,0.15625,1.221042,1.0,0.025677,0.5,203.567628,7.0,1061.0,17.0,-0.0589,-376.789,6400.0
62,7.0,0.0,0.0,5.0,3.26,5.0,0.4,0.09586,3.232332,2.31391,0.040469,0.078125,0.901629,1.0,0.023109,0.5,201.299491,7.0,1061.0,17.0,0.1117,714.7524,6400.0
63,7.0,1.0,1.0,5.0,3.26,6.0,0.4,0.189434,8.711194,2.313889,0.13992,0.125,2.364919,1.0,0.020798,0.5,261.355645,7.0,1004.0,16.0,-0.2513,-1608.0149,6400.0
64,7.0,1.0,1.0,5.0,3.26,7.0,0.4,-0.072922,6.866583,2.313861,0.127956,0.171875,1.64141,1.0,0.018718,0.5,236.546066,7.0,882.0,14.0,-0.1072,-686.1551,6400.0
65,7.0,0.0,0.0,5.0,3.26,0.0,0.6,-0.19642,4.725123,2.313826,0.129037,0.15625,0.982547,1.0,0.016847,0.5,233.989776,7.0,882.0,14.0,-0.258,-1651.182,6400.0
66,7.0,0.0,0.0,5.0,3.26,1.0,0.6,-0.105671,3.952703,2.555943,0.254352,0.15625,0.879948,1.0,0.015162,0.5,190.343769,7.0,882.0,14.0,-0.2456,-1572.1495,6400.0
67,7.0,0.0,0.0,5.0,3.26,2.0,0.6,-0.082577,8.568619,2.555943,0.166202,0.1875,2.057022,1.0,0.013646,0.5,183.252674,7.0,882.0,14.0,-0.116,-742.0989,6400.0
68,7.0,0.0,0.0,5.0,3.26,3.0,0.6,-0.082921,7.342078,2.555943,0.329747,0.25,1.750042,1.0,0.012281,0.5,182.694974,7.0,882.0,14.0,-0.3527,-2257.2271,6400.0
69,7.0,0.0,0.0,5.0,3.26,4.0,0.6,-0.081093,6.558606,2.555943,0.287609,0.15625,1.556003,1.0,0.011053,0.5,177.356371,7.0,882.0,14.0,-0.1186,-758.8551,6400.0
70,7.0,0.0,0.0,5.0,3.26,5.0,0.6,-0.057623,5.846512,2.555943,0.182406,0.3125,1.401449,1.0,0.01,0.5,176.859423,7.0,882.0,14.0,-0.348,-2227.1434,6400.0
71,7.0,0.0,0.0,5.0,3.26,6.0,0.6,0.316909,8.103551,2.555943,0.166693,0.1875,2.340241,1.0,0.01,0.5,173.102408,7.0,882.0,14.0,-0.0852,-545.0904,6400.0
72,7.0,0.0,0.0,5.0,3.26,7.0,0.6,0.090381,5.858705,2.555943,0.270743,0.25,1.552501,1.0,0.01,0.5,169.671023,7.0,882.0,14.0,-0.2307,-1476.4055,6400.0
73,7.0,0.0,0.0,5.0,3.26,0.0,0.8,0.096257,1.939931,2.555943,0.294115,0.203125,0.578683,1.0,0.01,0.5,168.212818,7.0,882.0,14.0,0.0918,587.5098,6400.0
74,7.0,0.0,0.0,5.0,3.26,1.0,0.8,-0.024886,8.482779,2.555943,0.247129,0.234375,2.093253,1.0,0.01,0.5,130.193681,7.0,882.0,14.0,-0.0363,-232.4667,6400.0
75,7.0,0.0,0.0,5.0,3.26,2.0,0.8,0.042855,11.18681,2.555943,0.09683,0.125,2.837002,1.0,0.01,0.5,130.505206,7.0,882.0,14.0,0.0314,200.8771,6400.0
76,8.0,2.0,1.0,5.0,3.26,3.0,0.8,-0.017682,7.865825,2.555943,0.599283,0.265625,1.946218,1.0,0.01,0.5,175.340652,8.0,1160.0,19.0,0.0703,450.1289,6400.0
77,9.0,1.0,0.0,5.0,4.28,0.0,0.6,0.213796,4.62228,2.555943,0.488368,0.296875,1.36681,1.0,0.01,0.5,189.902393,9.0,1468.0,23.0,-0.1373,-878.5968,6400.0
78,9.0,1.0,1.0,5.0,4.28,1.0,0.6,0.166933,6.666733,2.555943,0.110664,0.21875,1.83106,1.0,0.01,0.5,230.301401,9.0,1473.0,24.0,-0.0412,-263.9344,6400.0
79,9.0,0.0,0.0,5.0,4.28,2.0,0.6,0.219579,8.777549,2.555943,0.222205,0.265625,2.41141,1.0,0.01,0.5,223.81411,9.0,1473.0,24.0,-0.2546,-1629.4251,6400.0
80,9.0,0.0,0.0,5.0,4.28,3.0,0.6,-0.043547,5.079268,2.555943,0.356564,0.3125,1.223714,1.0,0.01,0.5,219.978138,9.0,1473.0,24.0,-0.1175,-752.0059,6400.0
81,9.0,0.0,0.0,5.0,4.28,4.0,0.6,0.249927,4.074014,2.555943,0.547745,0.171875,1.265875,1.0,0.01,0.5,215.652321,9.0,1473.0,24.0,-0.2149,-1375.6347,6400.0
82,9.0,0.0,0.0,5.0,4.28,5.0,0.6,-0.061253,10.873158,2.555943,0.12408,0.15625,2.65448,1.0,0.01,0.5,211.534997,9.0,1473.0,24.0,-0.0553,-353.7767,6400.0
83,9.0,0.0,0.0,5.0,4.28,6.0,0.6,0.127162,6.841261,2.555943,0.29175,0.21875,1.834922,1.0,0.01,0.5,208.331824,9.0,1473.0,24.0,-0.2492,-1595.0903,6400.0
84,9.0,0.0,0.0,5.0,4.28,7.0,0.6,0.098728,1.973571,2.555943,0.16829,0.203125,0.589565,1.0,0.01,0.5,239.101817,9.0,1473.0,24.0,0.1086,694.875,6400.0
85,9.0,0.0,0.0,5.0,4.28,0.0,0.8,0.182426,16.298229,2.555943,0.147798,0.1875,4.254428,1.0,0.01,0.5,204.550103,9.0,1473.0,24.0,-0.2999,-1919.3542,6400.0
86,9.0,0.0,0.0,5.0,4.28,1.0,0.8,0.010643,9.153807,2.555943,0.252702,0.25,2.296539,1.0,0.01,0.5,160.700828,9.0,1473.0,24.0,0.0668,427.6581,6400.0
87,10.0,1.0,0.0,5.0,4.28,2.0,0.8,0.172811,33.233761,2.555943,0.145102,0.203125,8.478696,1.0,0.01,0.5,181.753961,10.0,1691.0,27.0,-0.5424,-3471.0441,6400.0
88,10.0,0.0,0.0,5.0,4.28,3.0,0.8,0.164608,4.302684,2.555943,0.265076,0.203125,1.237723,1.0,0.01,0.5,181.39959,10.0,1691.0,27.0,-0.0674,-431.043,6400.0
89,10.0,0.0,0.0,5.0,4.28,4.0,0.8,0.054851,3.601787,2.555943,0.309473,0.234375,0.952742,1.0,0.01,0.5,174.488485,10.0,1691.0,27.0,-0.2064,-1320.7127,6400.0
90,10.0,0.0,0.0,5.0,4.28,5.0,0.8,0.030381,6.835277,2.555943,0.196984,0.15625,1.736644,1.0,0.01,0.5,170.378388,10.0,1691.0,27.0,0.0288,184.5999,6400.0
91,10.0,0.0,0.0,5.0,4.28,6.0,0.8,-0.134787,6.608998,2.555943,0.388717,0.328125,1.514907,1.0,0.01,0.5,168.883782,10.0,1691.0,27.0,0.1181,755.5639,6400.0
92,10.0,0.0,0.0,5.0,4.28,7.0,0.8,0.02594,11.641096,2.555943,0.27697,0.21875,2.933658,1.0,0.01,0.5,167.072379,10.0,1691.0,27.0,-0.2397,-1533.9099,6400.0
93,10.0,0.0,0.0,5.0,4.28,0.0,0.8,-0.046459,6.230134,2.555943,0.196464,0.203125,1.508519,1.0,0.01,0.5,166.193184,10.0,1691.0,27.0,-0.8521,-5453.4652,6400.0
94,10.0,0.0,0.0,5.0,4.28,1.0,0.8,0.171267,3.944507,2.555943,0.209151,0.34375,1.154837,1.0,0.01,0.5,164.221734,10.0,1691.0,27.0,-0.4864,-3113.1755,6400.0
95,10.0,0.0,0.0,5.0,4.28,2.0,0.8,0.042213,7.305514,2.555943,0.236322,0.25,1.866035,1.0,0.01,0.5,160.236084,10.0,1691.0,27.0,-0.2771,-1773.132,6400.0
96,11.0,1.0,0.0,5.0,4.28,3.0,0.8,-0.006475,7.575063,2.555943,0.245786,0.234375,1.884735,1.0,0.01,0.5,180.872325,11.0,2072.0,33.0,-0.0451,-288.6655,6400.0
97,11.0,0.0,0.0,5.0,4.28,4.0,0.8,0.085996,3.946363,2.555943,0.172096,0.25,1.070031,1.0,0.01,0.5,176.300777,11.0,2072.0,33.0,0.115,736.0624,6400.0
98,11.0,1.0,1.0,5.0,4.28,5.0,0.8,0.09269,18.495554,2.555943,0.21814,0.328125,4.714023,1.0,0.01,0.5,178.013534,11.0,2136.0,34.0,-0.8575,-5487.6918,6400.0
99,11.0,0.0,0.0,5.0,4.28,6.0,0.8,0.094461,7.244923,2.555943,0.078616,0.140625,1.903136,1.0,0.01,0.5,174.536696,11.0,2136.0,34.0,0.0152,97.1964,6400.0
100,11.0,0.0,0.0,5.0,4.28,7.0,0.8,-0.122439,6.19853,2.555943,0.348318,0.265625,1.424638,1.0,0.01,0.5,171.046589,11.0,2136.0,34.0,0.1071,685.1818,6400.0
101,11.0,0.0,0.0,5.0,4.28,0.0,0.8,0.094741,12.123393,2.555943,0.269818,0.234375,3.123033,1.0,0.01,0.5,168.229167,11.0,2136.0,34.0,-0.6536,-4182.9562,6400.0
102,11.0,0.0,0.0,5.0,4.28,1.0,0.8,-0.216251,8.144119,2.555943,0.263647,0.28125,1.817223,1.0,0.01,0.5,167.1277,11.0,2136.0,34.0,0.0543,347.496,6400.0
103,11.0,1.0,1.0,5.0,4.28,2.0,0.8,-0.087279,11.23308,2.555943,0.233951,0.234375,2.718435,1.0,0.01,0.5,187.684966,11.0,2305.0,37.0,-0.0217,-139.1185,6400.0
104,11.0,1.0,1.0,5.0,4.28,3.0,0.8,0.208807,17.500637,2.555943,0.22204,0.25,4.58141,1.0,0.01,0.5,178.439748,11.0,2314.0,37.0,-0.4015,-2569.5987,6400.0
105,11.0,0.0,0.0,5.0,4.28,4.0,0.8,0.138874,5.879879,2.555943,0.299048,0.265625,1.606287,1.0,0.01,0.5,173.265746,11.0,2314.0,37.0,0.1247,797.7914,6400.0
106,11.0,0.0,0.0,5.0,4.28,5.0,0.8,0.082908,7.184131,2.555943,0.138603,0.25,1.876384,1.0,0.01,0.5,173.076001,11.0,2314.0,37.0,0.0126,80.3982,6400.0
107,11.0,0.0,0.0,5.0,4.28,6.0,0.8,-0.049066,8.327982,2.555943,0.141175,0.15625,2.030373,1.0,0.01,0.5,169.315771,11.0,2314.0,37.0,-0.0403,-257.8308,6400.0
108,11.0,0.0,0.0,5.0,4.28,7.0,0.8,0.068184,3.033349,2.555943,0.236426,0.265625,0.823965,1.0,0.01,0.5,177.114531,11.0,2314.0,37.0,0.1148,734.6213,6400.0
109,11.0,0.0,0.0,5.0,4.28,0.0,0.8,0.151094,9.389269,2.555943,0.16915,0.265625,2.495855,1.0,0.01,0.5,168.85994,11.0,2314.0,37.0,-0.2892,-1850.8218,6400.0
110,11.0,0.0,0.0,5.0,4.28,1.0,0.8,0.224102,9.884268,2.555943,0.50126,0.328125,2.692613,1.0,0.01,0.5,157.205682,11.0,2314.0,37.0,0.0428,273.7547,6400.0
111,11.0,0.0,0.0,5.0,4.28,2.0,0.8,-0.011561,5.771535,2.555943,0.208435,0.21875,1.428767,1.0,0.01,0.5,156.60265,11.0,2314.0,37.0,0.057,365.072,6400.0
112,11.0,0.0,0.0,5.0,4.28,3.0,0.8,-0.093794,11.418272,2.555943,0.463418,0.21875,2.758219,1.0,0.01,0.5,153.819733,11.0,2314.0,37.0,-0.0022,-14.1347,6400.0
113,11.0,0.0,0.0,5.0,4.28,4.0,0.8,0.189623,2.793185,2.555943,0.1833,0.171875,0.885364,1.0,0.01,0.5,156.736926,11.0,2314.0,37.0,0.1143,731.6816,6400.0
114,11.0,0.0,0.0,5.0,4.28,5.0,0.8,-0.115126,9.201319,2.555943,0.367919,0.265625,2.182647,1.0,0.01,0.5,150.489879,11.0,2314.0,37.0,-0.0433,-277.2605,6400.0
115,11.0,1.0,1.0,5.0,4.28,6.0,0.8,0.179079,7.233054,2.555943,0.157691,0.15625,1.984786,1.0,0.01,0.5,147.603144,11.0,2316.0,37.0,0.1066,682.2922,6400.0
116,11.0,1.0,1.0,5.0,4.28,7.0,0.8,-0.017954,5.353123,2.555943,0.238417,0.203125,1.31777,1.0,0.01,0.5,168.581627,11.0,2551.0,40.0,-0.2492,-1595.0861,6400.0
117,11.0,0.0,0.0,5.0,4.28,0.0,0.8,0.095207,6.474515,2.555943,0.209182,0.25,1.71128,1.0,0.01,0.5,164.813182,11.0,2551.0,40.0,-0.101,-646.4796,6400.0
118,11.0,0.0,0.0,5.0,4.28,1.0,0.8,-0.042324,5.521283,2.555943,0.200981,0.203125,1.335441,1.0,0.01,0.5,161.44855,11.0,2551.0,40.0,0.1136,727.2892,6400.0
119,11.0,0.0,0.0,5.0,4.28,2.0,0.8,0.097719,8.497183,2.555943,0.338241,0.375,2.219459,1.0,0.01,0.5,157.61302,11.0,2551.0,40.0,-0.03,-192.1291,6400.0
120,11.0,1.0,1.0,5.0,4.28,3.0,0.8,0.003539,3.461747,2.555943,0.398457,0.265625,0.86642,1.0,0.01,0.5,174.5548,11.0,2498.0,40.0,0.0391,250.1792,6400.0
121,11.0,1.0,1.0,5.0,4.28,4.0,0.8,0.183332,6.461636,2.555943,0.111055,0.15625,1.796184,1.0,0.01,0.5,163.296844,11.0,2456.0,39.0,0.1186,758.8967,6400.0
122,11.0,0.0,0.0,5.0,4.28,5.0,0.8,-0.022336,7.807983,2.555943,0.431501,0.265625,1.927103,1.0,0.01,0.5,165.313432,11.0,2456.0,39.0,-0.4906,-3139.8052,6400.0
123,11.0,0.0,0.0,5.0,4.28,6.0,0.8,-0.150512,9.519068,2.555943,0.356861,0.1875,2.226699,1.0,0.01,0.5,157.567897,11.0,2456.0,39.0,0.1136,726.8431,6400.0
124,11.0,0.0,0.0,5.0,4.28,7.0,0.8,0.027398,6.627736,2.555943,0.293702,0.3125,1.681776,1.0,0.01,0.5,158.154934,11.0,2456.0,39.0,-0.0605,-387.4345,6400.0
125,11.0,0.0,0.0,5.0,4.28,0.0,0.8,0.033117,3.447378,2.555943,0.094442,0.21875,0.892405,1.0,0.01,0.5,153.337964,11.0,2456.0,39.0,0.103,658.973,6400.0
126,11.0,0.0,0.0,5.0,4.28,1.0,0.8,-0.106805,7.755373,2.555943,0.242834,0.234375,1.829482,1.0,0.01,0.5,152.450233,11.0,2456.0,39.0,-0.2578,-1649.8563,6400.0
127,11.0,0.0,0.0,5.0,4.28,2.0,0.8,0.035882,5.513235,2.555943,0.402619,0.359375,1.411635,1.0,0.01,0.5,148.91425,11.0,2456.0,39.0,0.1319,844.3751,6400.0
128,11.0,0.0,0.0,5.0,4.28,3.0,0.8,0.02193,5.016471,2.555943,0.220366,0.140625,1.273492,1.0,0.01,0.5,144.473013,11.0,2456.0,39.0,-0.2178,-1394.2072,6400.0
129,11.0,0.0,0.0,5.0,4.28,4.0,0.8,0.09726,8.425199,2.555943,0.455881,0.390625,2.201004,1.0,0.01,0.5,142.167419,11.0,2456.0,39.0,0.1204,770.3327,6400.0
130,11.0,0.0,0.0,5.0,4.28,5.0,0.8,0.136029,4.954596,2.555943,0.525784,0.28125,1.372122,1.0,0.01,0.5,139.14224,11.0,2456.0,39.0,0.1013,648.1519,6400.0
131,11.0,0.0,0.0,5.0,4.28,6.0,0.8,-0.022459,8.923344,2.555943,0.238917,0.265625,2.205821,1.0,0.01,0.5,139.483534,11.0,2456.0,39.0,-0.1572,-1006.3922,6400.0
132,11.0,0.0,0.0,5.0,4.28,7.0,0.8,0.068105,3.643653,2.555943,0.335252,0.21875,0.976462,1.0,0.01,0.5,137.695473,11.0,2456.0,39.0,0.0134,85.7517,6400.0
133,11.0,1.0,1.0,5.0,4.28,0.0,0.8,-0.048579,7.226386,2.555943,0.430939,0.3125,1.755461,1.0,0.01,0.5,134.127993,11.0,2315.0,37.0,-0.1205,-771.315,6400.0
134,11.0,0.0,0.0,5.0,4.28,1.0,0.8,0.066706,4.676066,2.555943,0.582175,0.3125,1.233166,1.0,0.01,0.5,138.529518,11.0,2315.0,37.0,0.0434,278.0287,6400.0
135,11.0,0.0,0.0,5.0,4.28,2.0,0.8,0.017457,11.127439,2.555943,0.403783,0.25,2.796761,1.0,0.01,0.5,129.834733,11.0,2315.0,37.0,-0.1114,-713.0566,6400.0
136,11.0,0.0,0.0,5.0,4.28,3.0,0.8,0.038425,6.577416,2.555943,0.38715,0.359375,1.680223,1.0,0.01,0.5,125.558491,11.0,2315.0,37.0,0.0979,626.4802,6400.0
137,11.0,0.0,0.0,5.0,4.28,4.0,0.8,-0.141936,8.701623,2.555943,0.251563,0.203125,2.030914,1.0,0.01,0.5,122.286439,11.0,2315.0,37.0,-0.1327,-849.5765,6400.0
138,11.0,0.0,0.0,5.0,4.28,5.0,0.8,-0.117422,4.972236,2.555943,0.216481,0.21875,1.123081,1.0,0.01,0.5,119.572715,11.0,2315.0,37.0,-0.0856,-547.822,6400.0
139,11.0,0.0,0.0,5.0,4.28,6.0,0.8,-0.111416,8.053528,2.555943,0.501808,0.34375,1.89941,1.0,0.01,0.5,119.326455,11.0,2315.0,37.0,-0.2081,-1331.6634,6400.0
140,11.0,0.0,0.0,5.0,4.28,7.0,0.8,0.121833,4.881539,2.555943,0.293756,0.328125,1.339662,1.0,0.01,0.5,133.635837,11.0,2315.0,37.0,0.0236,150.8355,6400.0
141,11.0,1.0,1.0,5.0,4.28,0.0,0.8,0.194048,5.006372,2.555943,0.308685,0.359375,1.443086,1.0,0.01,0.5,142.693878,11.0,2370.0,38.0,0.151,966.2976,6400.0
142,11.0,0.0,0.0,5.0,4.28,1.0,0.8,0.252812,26.075567,2.555943,0.38341,0.3125,6.769148,1.0,0.01,0.5,133.361925,11.0,2370.0,38.0,-0.2134,-1365.8456,6400.0
143,11.0,0.0,0.0,5.0,4.28,2.0,0.8,-0.020225,9.208187,2.555943,0.562571,0.4375,2.279266,1.0,0.01,0.5,130.71561,11.0,2370.0,38.0,0.1169,747.8933,6400.0
144,11.0,0.0,0.0,5.0,4.28,3.0,0.8,-0.214346,10.013937,2.555943,0.591399,0.328125,2.286582,1.0,0.01,0.5,124.730651,11.0,2370.0,38.0,0.0972,622.1103,6400.0
145,11.0,0.0,0.0,5.0,4.28,4.0,0.8,-0.008274,7.225721,2.555943,0.159182,0.1875,1.795601,1.0,0.01,0.5,127.761447,11.0,2370.0,38.0,-0.1854,-1186.6109,6400.0
146,11.0,0.0,0.0,5.0,4.28,5.0,0.8,-0.059291,7.647174,2.555943,0.44358,0.34375,1.849947,1.0,0.01,0.5,119.692274,11.0,2370.0,38.0,-0.1012,-647.9448,6400.0
147,11.0,0.0,0.0,5.0,4.28,6.0,0.8,0.032335,17.074257,2.555943,0.111852,0.203125,4.298344,1.0,0.01,0.5,113.210441,11.0,2370.0,38.0,-0.542,-3468.7084,6400.0
148,11.0,1.0,1.0,5.0,4.28,7.0,0.8,0.042877,5.159382,2.555943,0.199392,0.203125,1.330166,1.0,0.01,0.5,127.074656,11.0,2517.0,40.0,-0.342,-2188.7381,6400.0
149,11.0,0.0,0.0,5.0,4.28,0.0,0.8,0.070889,6.240319,2.555943,0.326142,0.28125,1.628413,1.0,0.01,0.5,125.375853,11.0,2517.0,40.0,-0.1561,-998.8862,6400.0
150,11.0,0.0,0.0,5.0,4.28,1.0,0.8,-0.059354,11.579103,2.555943,0.423683,0.234375,2.832866,1.0,0.01,0.5,118.986188,11.0,2517.0,40.0,-0.0122,-78.017,6400.0
151,11.0,0.0,0.0,5.0,4.28,2.0,0.8,0.018741,5.025267,2.555943,0.22829,0.21875,1.272501,1.0,0.01,0.5,118.649367,11.0,2517.0,40.0,-0.0396,-253.2524,6400.0
152,11.0,0.0,0.0,5.0,4.28,3.0,0.8,-0.057825,6.064111,2.555943,0.265541,0.28125,1.455647,1.0,0.01,0.5,116.113065,11.0,2517.0,40.0,-0.1119,-716.4127,6400.0
153,11.0,0.0,0.0,5.0,4.28,4.0,0.8,0.009477,10.26023,2.555943,0.373603,0.234375,2.571979,1.0,0.01,0.5,111.622444,11.0,2517.0,40.0,-0.4119,-2635.975,6400.0
154,11.0,1.0,1.0,5.0,4.28,5.0,0.8,-0.060125,20.397144,2.555943,0.652717,0.28125,5.036605,1.0,0.01,0.5,125.823738,11.0,2603.0,40.0,-0.1716,-1098.2634,6400.0
155,11.0,0.0,0.0,5.0,4.28,6.0,0.8,0.135282,12.441059,2.555943,0.199105,0.265625,3.242991,1.0,0.01,0.5,120.885144,11.0,2603.0,40.0,0.1555,995.3108,6400.0
156,11.0,0.0,0.0,5.0,4.28,7.0,0.8,-0.005428,6.019462,2.555943,0.25498,0.328125,1.496881,1.0,0.01,0.5,117.191069,11.0,2603.0,40.0,0.1226,784.8482,6400.0
157,11.0,0.0,0.0,5.0,4.28,0.0,0.8,-0.015121,6.102329,2.555943,0.408953,0.359375,1.507906,1.0,0.01,0.5,112.506586,11.0,2603.0,40.0,-0.0266,-170.0644,6400.0
158,11.0,0.0,0.0,5.0,4.28,1.0,0.8,0.083556,8.598221,2.555943,0.378167,0.328125,2.230556,1.0,0.01,0.5,112.228248,11.0,2603.0,40.0,-0.0579,-370.8529,6400.0
159,11.0,0.0,0.0,5.0,4.28,2.0,0.8,0.117587,4.695287,2.555943,0.334134,0.3125,1.288852,1.0,0.01,0.5,108.320687,11.0,2603.0,40.0,0.1514,968.6557,6400.0
160,11.0,0.0,0.0,5.0,4.28,3.0,0.8,-0.037028,5.82142,2.555943,0.302351,0.328125,1.415771,1.0,0.01,0.5,104.133028,11.0,2603.0,40.0,-0.0803,-514.1016,6400.0
161,11.0,0.0,0.0,5.0,4.28,4.0,0.8,0.240527,5.349657,2.555943,0.625137,0.34375,1.575385,1.0,0.01,0.5,102.639189,11.0,2603.0,40.0,0.152,973.1161,6400.0
162,11.0,0.0,0.0,5.0,4.28,5.0,0.8,0.125567,5.802665,2.555943,0.220004,0.3125,1.573677,1.0,0.01,0.5,94.670962,11.0,2603.0,40.0,-0.1023,-654.6057,6400.0
163,11.0,0.0,0.0,5.0,4.28,6.0,0.8,0.190839,9.889305,2.555943,0.290924,0.25,2.66061,1.0,0.01,0.5,95.959381,11.0,2603.0,40.0,-0.1388,-888.4374,6400.0
164,11.0,0.0,0.0,5.0,4.28,7.0,0.8,-0.134723,8.911581,2.555943,0.383803,0.375,2.090617,1.0,0.01,0.5,98.134822,11.0,2603.0,40.0,0.1189,760.6635,6400.0
165,11.0,0.0,0.0,5.0,4.28,0.0,0.8,0.077177,12.390244,2.555943,0.578541,0.34375,3.172183,1.0,0.01,0.5,93.663145,11.0,2603.0,40.0,-0.3685,-2358.1119,6400.0
166,11.0,0.0,0.0,5.0,4.28,1.0,0.8,-0.021403,4.798314,2.555943,0.582776,0.296875,1.175619,1.0,0.01,0.5,92.86943,11.0,2603.0,40.0,0.0997,638.2394,6400.0
167,11.0,0.0,0.0,5.0,4.28,2.0,0.8,0.16168,14.881937,2.555943,0.537334,0.3125,3.879608,1.0,0.01,0.5,90.981867,11.0,2603.0,40.0,0.1194,764.3236,6400.0
168,11.0,0.0,0.0,5.0,4.28,3.0,0.8,-0.076159,8.186914,2.555943,0.469734,0.328125,1.968013,1.0,0.01,0.5,92.419574,11.0,2603.0,40.0,-0.4472,-2862.3953,6400.0
169,11.0,1.0,1.0,5.0,4.28,4.0,0.8,-0.074914,8.245099,2.555943,0.35012,0.265625,1.983805,1.0,0.01,0.5,91.971612,11.0,2613.0,40.0,0.0984,629.5196,6400.0
170,11.0,0.0,0.0,5.0,4.28,5.0,0.8,-0.053723,14.80055,2.555943,0.438122,0.28125,3.643859,1.0,0.01,0.5,87.163561,11.0,2613.0,40.0,0.0404,258.4789,6400.0
171,11.0,0.0,0.0,5.0,4.28,6.0,0.8,0.083613,2.587688,2.555943,0.580434,0.375,0.727979,1.0,0.01,0.5,85.56687,11.0,2613.0,40.0,-0.0333,-213.26,6400.0
172,11.0,0.0,0.0,5.0,4.28,7.0,0.8,0.091808,5.719893,2.555943,0.316403,0.34375,1.519225,1.0,0.01,0.5,87.586634,11.0,2613.0,40.0,0.1602,1025.5796,6400.0
173,11.0,0.0,0.0,5.0,4.28,0.0,0.8,0.12234,25.442944,2.555943,0.885959,0.4375,6.48052,1.0,0.01,0.5,89.648277,11.0,2613.0,40.0,-0.0616,-394.534,6400.0
174,11.0,0.0,0.0,5.0,4.28,1.0,0.8,-0.047302,13.892326,2.555943,0.503008,0.34375,3.423223,1.0,0.01,0.5,89.660506,11.0,2613.0,40.0,0.0847,542.1155,6400.0
175,11.0,0.0,0.0,5.0,4.28,2.0,0.8,0.055825,9.676163,2.555943,0.579621,0.453125,2.47231,1.0,0.01,0.5,85.716853,11.0,2613.0,40.0,-0.1586,-1014.7849,6400.0
176,11.0,0.0,0.0,5.0,4.28,3.0,0.8,0.130811,8.677628,2.555943,0.388302,0.265625,2.297662,1.0,0.01,0.5,81.568274,11.0,2613.0,40.0,-0.208,-1331.3882,6400.0
177,11.0,0.0,0.0,5.0,4.28,4.0,0.8,0.17154,5.946371,2.555943,0.902208,0.34375,1.655576,1.0,0.01,0.5,78.134884,11.0,2613.0,40.0,0.1113,712.5177,6400.0
178,11.0,0.0,0.0,5.0,4.28,5.0,0.8,-0.011534,7.801131,2.555943,0.39342,0.296875,1.936193,1.0,0.01,0.5,83.104825,11.0,2613.0,40.0,0.0288,184.2834,6400.0
179,11.0,0.0,0.0,5.0,4.28,6.0,0.8,0.145777,6.211467,2.555943,0.395474,0.28125,1.696088,1.0,0.01,0.5,82.15808,11.0,2613.0,40.0,0.0755,482.9645,6400.0
180,11.0,1.0,1.0,5.0,4.28,7.0,0.8,0.175712,28.558069,2.555943,0.377755,0.28125,7.312674,1.0,0.01,0.5,83.560579,11.0,2605.0,40.0,-0.1602,-1025.4945,6400.0
181,11.0,0.0,0.0,5.0,4.28,0.0,0.8,0.15561,6.873694,2.555943,0.607766,0.40625,1.871477,1.0,0.01,0.5,80.126495,11.0,2605.0,40.0,-0.0413,-264.185,6400.0
182,11.0,0.0,0.0,5.0,4.28,1.0,0.8,0.00227,11.698576,2.555943,0.302245,0.25,2.924359,1.0,0.01,0.5,82.255618,11.0,2605.0,40.0,-0.0517,-330.938,6400.0
183,11.0,0.0,0.0,5.0,4.28,2.0,0.8,0.020056,4.991747,2.555943,0.368026,0.359375,1.265437,1.0,0.01,0.5,82.739834,11.0,2605.0,40.0,0.1128,722.1041,6400.0
184,11.0,2.0,2.0,5.0,4.28,3.0,0.8,0.103806,21.542931,2.555943,0.460028,0.390625,5.486983,1.0,0.01,0.5,141.972901,11.0,2716.0,40.0,0.0599,383.3447,6400.0
185,11.0,0.0,0.0,5.0,4.28,4.0,0.8,0.077356,6.276559,2.555943,0.417495,0.34375,1.643939,1.0,0.01,0.5,134.889557,11.0,2716.0,40.0,-0.3169,-2028.0338,6400.0
186,11.0,0.0,0.0,5.0,4.28,5.0,0.8,0.18401,5.805595,2.555943,0.480007,0.359375,1.632853,1.0,0.01,0.5,119.575633,11.0,2716.0,40.0,0.1063,680.0747,6400.0
187,11.0,0.0,0.0,5.0,4.28,6.0,0.8,0.090089,10.597643,2.555943,0.622013,0.359375,2.736944,1.0,0.01,0.5,115.858622,11.0,2716.0,40.0,-0.1049,-671.6393,6400.0
188,11.0,0.0,0.0,5.0,4.28,7.0,0.8,0.083274,24.845123,2.555943,0.582093,0.328125,6.291999,1.0,0.01,0.5,106.17084,11.0,2716.0,40.0,-0.2763,-1768.5105,6400.0
189,11.0,0.0,0.0,5.0,4.28,0.0,0.8,0.004589,9.756447,2.555943,0.309926,0.375,2.441145,1.0,0.01,0.5,103.661667,11.0,2716.0,40.0,-0.0719,-460.2988,6400.0
190,11.0,0.0,0.0,5.0,4.28,1.0,0.8,0.134653,4.867654,2.555943,0.408664,0.359375,1.349011,1.0,0.01,0.5,100.613104,11.0,2716.0,40.0,-0.0114,-72.8348,6400.0
191,11.0,0.0,0.0,5.0,4.28,2.0,0.8,0.136224,4.936017,2.555943,0.467572,0.3125,1.367673,1.0,0.01,0.5,101.117184,11.0,2716.0,40.0,0.1564,1000.7123,6400.0
192,11.0,0.0,0.0,5.0,4.28,3.0,0.8,0.196805,10.752411,2.555943,0.285554,0.3125,2.882352,1.0,0.01,0.5,101.501292,11.0,2716.0,40.0,0.0877,561.0837,6400.0
193,11.0,0.0,0.0,5.0,4.28,4.0,0.8,0.153131,7.397988,2.555943,0.723237,0.4375,2.000072,1.0,0.01,0.5,101.866196,11.0,2716.0,40.0,-0.0734,-469.6108,6400.0
194,11.0,0.0,0.0,5.0,4.28,5.0,0.8,0.126818,8.827808,2.555943,0.472812,0.25,2.331214,1.0,0.01,0.5,98.665121,11.0,2716.0,40.0,0.1248,798.7371,6400.0
195,11.0,0.0,0.0,5.0,4.28,6.0,0.8,0.092071,6.818847,2.555943,0.46344,0.234375,1.794227,1.0,0.01,0.5,105.341674,11.0,2716.0,40.0,0.0928,594.2385,6400.0
196,11.0,0.0,0.0,5.0,4.28,7.0,0.8,0.21166,6.679802,2.555943,0.796818,0.3125,1.879054,1.0,0.01,0.5,102.961941,11.0,2716.0,40.0,0.1472,942.0423,6400.0
197,11.0,0.0,0.0,5.0,4.28,0.0,0.8,0.03946,14.900368,2.555943,0.455459,0.265625,3.761996,1.0,0.01,0.5,97.426102,11.0,2716.0,40.0,0.0585,374.6116,6400.0
198,11.0,0.0,0.0,5.0,4.28,1.0,0.8,0.219623,4.031179,2.555943,0.406813,0.328125,1.224862,1.0,0.01,0.5,91.720948,11.0,2716.0,40.0,0.0436,279.2716,6400.0
199,11.0,0.0,0.0,5.0,4.28,2.0,0.8,0.148804,6.289808,2.555943,0.406608,0.359375,1.7187,1.0,0.01,0.5,92.914187,11.0,2716.0,40.0,0.1155,738.978,6400.0
200,11.0,0.0,0.0,5.0,4.28,3.0,0.8,0.109018,5.169046,2.555943,0.171234,0.25,1.398723,1.0,0.01,0.5,90.655403,11.0,2716.0,40.0,-0.1388,-888.0106,6400.0
201,11.0,0.0,0.0,5.0,4.28,4.0,0.8,0.308831,13.480434,2.555943,0.59566,0.4375,3.676384,1.0,0.01,0.5,88.072749,11.0,2716.0,40.0,0.0796,509.5372,6400.0
202,11.0,0.0,0.0,5.0,4.28,5.0,0.8,0.180476,9.695145,2.555943,0.605668,0.40625,2.601707,1.0,0.01,0.5,87.328007,11.0,2716.0,40.0,-0.0233,-149.094,6400.0
203,11.0,0.0,0.0,5.0,4.28,6.0,0.8,0.193031,14.618713,2.555943,0.37095,0.296875,3.845154,1.0,0.01,0.5,82.575653,11.0,2716.0,40.0,0.1121,717.2674,6400.0
204,11.0,0.0,0.0,5.0,4.28,7.0,0.8,-0.107687,11.553495,2.555943,0.377366,0.296875,2.778131,1.0,0.01,0.5,83.527537,11.0,2716.0,40.0,0.0932,596.3929,6400.0
205,11.0,0.0,0.0,5.0,4.28,0.0,0.8,0.308431,8.304379,2.555943,0.568715,0.421875,2.38197,1.0,0.01,0.5,77.368844,11.0,2716.0,40.0,0.0593,379.5793,6400.0
206,11.0,0.0,0.0,5.0,4.28,1.0,0.8,0.110861,5.021151,2.555943,0.950433,0.46875,1.363593,1.0,0.01,0.5,78.520089,11.0,2716.0,40.0,0.1631,1043.6813,6400.0
207,11.0,0.0,0.0,5.0,4.28,2.0,0.8,0.000909,7.599659,2.555943,0.617378,0.421875,1.898268,1.0,0.01,0.5,77.7926,11.0,2716.0,40.0,-0.6443,-4123.6639,6400.0
208,11.0,0.0,0.0,5.0,4.28,3.0,0.8,-0.031877,12.371634,2.555943,0.737171,0.296875,3.058475,1.0,0.01,0.5,78.192945,11.0,2716.0,40.0,-0.001,-6.5426,6400.0
209,11.0,0.0,0.0,5.0,4.28,4.0,0.8,0.176554,4.391566,2.555943,0.549652,0.3125,1.27189,1.0,0.01,0.5,74.626978,11.0,2716.0,40.0,0.1203,769.8684,6400.0
210,11.0,0.0,0.0,5.0,4.28,5.0,0.8,0.196588,6.165822,2.555943,0.590058,0.34375,1.735487,1.0,0.01,0.5,80.048328,11.0,2716.0,40.0,-0.0089,-56.9048,6400.0
211,11.0,0.0,0.0,5.0,4.28,6.0,0.8,0.000307,6.632676,2.555943,0.554954,0.375,1.65592,1.0,0.01,0.5,79.808722,11.0,2716.0,40.0,0.0446,285.5269,6400.0
212,11.0,0.0,0.0,5.0,4.28,7.0,0.8,0.053285,6.14243,2.555943,0.971852,0.390625,1.586337,1.0,0.01,0.5,82.030132,11.0,2716.0,40.0,0.0803,514.0364,6400.0
213,11.0,0.0,0.0,5.0,4.28,0.0,0.8,-0.019706,7.799456,2.555943,0.738427,0.421875,1.927602,1.0,0.01,0.5,78.574121,11.0,2716.0,40.0,-0.0738,-472.0578,6400.0
214,11.0,0.0,0.0,5.0,4.28,1.0,0.8,0.131703,5.127168,2.555943,0.569415,0.40625,1.410939,1.0,0.01,0.5,72.704473,11.0,2716.0,40.0,-0.1837,-1175.6966,6400.0
215,11.0,0.0,0.0,5.0,4.28,2.0,0.8,0.064563,14.206608,2.555943,0.561191,0.359375,3.613659,1.0,0.01,0.5,71.961713,11.0,2716.0,40.0,-0.6704,-4290.7964,6400.0
216,11.0,0.0,0.0,5.0,4.28,3.0,0.8,0.011319,14.481374,2.555943,0.498172,0.3125,3.629106,1.0,0.01,0.5,68.407264,11.0,2716.0,40.0,-0.2829,-1810.7395,6400.0
217,11.0,0.0,0.0,5.0,4.28,4.0,0.8,-0.050221,16.464031,2.555943,0.791236,0.375,4.063231,1.0,0.01,0.5,71.195161,11.0,2716.0,40.0,-0.6965,-4457.8055,6400.0
218,11.0,0.0,0.0,5.0,4.28,5.0,0.8,0.118259,6.849049,2.555943,0.218256,0.265625,1.827965,1.0,0.01,0.5,72.503713,11.0,2716.0,40.0,0.0274,175.1005,6400.0
219,11.0,1.0,1.0,5.0,4.28,6.0,0.8,0.056916,9.468918,2.555943,0.512699,0.328125,2.421589,1.0,0.01,0.5,80.706849,11.0,2479.0,39.0,-0.251,-1606.4093,6400.0
220,11.0,0.0,0.0,5.0,4.28,7.0,0.8,0.038612,13.447754,2.555943,0.387848,0.296875,3.397994,1.0,0.01,0.5,72.051449,11.0,2479.0,39.0,0.0236,150.8055,6400.0
221,11.0,0.0,0.0,5.0,4.28,0.0,0.8,0.128298,13.381657,2.555943,0.504662,0.34375,3.471157,1.0,0.01,0.5,74.967585,11.0,2479.0,39.0,-0.1445,-925.1039,6400.0
222,11.0,0.0,0.0,5.0,4.28,1.0,0.8,0.012441,5.385175,2.555943,0.740264,0.5,1.356179,1.0,0.01,0.5,74.677914,11.0,2479.0,39.0,-0.1382,-884.3046,6400.0
223,11.0,1.0,1.0,5.0,4.28,2.0,0.8,0.072476,9.655486,2.555943,0.817168,0.4375,2.483791,1.0,0.01,0.5,72.505123,11.0,2481.0,39.0,-0.1129,-722.4775,6400.0
224,11.0,0.0,0.0,5.0,4.28,3.0,0.8,0.191883,12.930693,2.555943,0.361242,0.390625,3.422,1.0,0.01,0.5,71.082578,11.0,2481.0,39.0,-0.2538,-1624.1985,6400.0
225,11.0,0.0,0.0,5.0,4.28,4.0,0.8,-0.036617,7.998548,2.555943,0.443217,0.25,1.960464,1.0,0.01,0.5,67.538067,11.0,2481.0,39.0,-0.096,-614.2415,6400.0
226,11.0,0.0,0.0,5.0,4.28,5.0,0.8,0.140678,20.011295,2.555943,0.427668,0.34375,5.140946,1.0,0.01,0.5,62.536731,11.0,2481.0,39.0,-0.0418,-267.4422,6400.0
227,11.0,0.0,0.0,5.0,4.28,6.0,0.8,0.12377,11.813081,2.555943,0.802507,0.421875,3.074484,1.0,0.01,0.5,64.033771,11.0,2481.0,39.0,0.0066,42.118,6400.0
228,11.0,0.0,0.0,5.0,4.28,7.0,0.8,0.114173,6.187873,2.555943,0.691958,0.40625,1.658585,1.0,0.01,0.5,64.967309,11.0,2481.0,39.0,0.0517,330.8538,6400.0
229,11.0,1.0,1.0,5.0,4.28,0.0,0.8,0.118688,8.365847,2.555943,0.43264,0.328125,2.207594,1.0,0.01,0.5,91.013023,11.0,2444.0,39.0,0.1465,937.3794,6400.0
230,11.0,0.0,0.0,5.0,4.28,1.0,0.8,0.099167,13.825405,2.555943,0.699481,0.4375,3.552963,1.0,0.01,0.5,81.486465,11.0,2444.0,39.0,-0.349,-2233.5999,6400.0
231,11.0,0.0,0.0,5.0,4.28,2.0,0.8,0.121736,5.397326,2.555943,0.370521,0.328125,1.468512,1.0,0.01,0.5,80.908181,11.0,2444.0,39.0,0.0872,557.8135,6400.0
232,11.0,1.0,1.0,5.0,4.28,3.0,0.8,-0.081052,9.631338,2.555943,0.463546,0.40625,2.324227,1.0,0.01,0.5,85.811364,11.0,2314.0,37.0,0.1421,909.6491,6400.0
233,11.0,0.0,0.0,5.0,4.28,4.0,0.8,-0.075124,19.856163,2.555943,0.801985,0.3125,4.886361,1.0,0.01,0.5,86.031437,11.0,2314.0,37.0,-0.0626,-400.5885,6400.0
234,11.0,0.0,0.0,5.0,4.28,5.0,0.8,0.027185,5.197051,2.555943,0.846464,0.515625,1.323892,1.0,0.01,0.5,84.450548,11.0,2314.0,37.0,0.1232,788.7162,6400.0
235,11.0,0.0,0.0,5.0,4.28,6.0,0.8,0.091896,19.274574,2.555943,0.731453,0.484375,4.907984,1.0,0.01,0.5,83.618731,11.0,2314.0,37.0,-0.4723,-3022.8982,6400.0
236,11.0,0.0,0.0,5.0,4.28,7.0,0.8,0.021594,11.269273,2.555943,0.918133,0.4375,2.836356,1.0,0.01,0.5,72.540797,11.0,2314.0,37.0,-0.4851,-3104.5544,6400.0
237,11.0,0.0,0.0,5.0,4.28,0.0,0.8,0.12344,12.445805,2.555943,0.588298,0.34375,3.232335,1.0,0.01,0.5,71.138909,11.0,2314.0,37.0,0.0383,245.3549,6400.0
238,11.0,0.0,0.0,5.0,4.28,1.0,0.8,0.164383,12.437454,2.555943,0.630101,0.265625,3.27119,1.0,0.01,0.5,76.583809,11.0,2314.0,37.0,-0.184,-1177.5188,6400.0
239,11.0,0.0,0.0,5.0,4.28,2.0,0.8,-0.19101,5.341055,2.555943,0.377098,0.265625,1.141698,1.0,0.01,0.5,75.32701,11.0,2314.0,37.0,-0.241,-1542.5711,6400.0
240,11.0,0.0,0.0,5.0,4.28,3.0,0.8,0.032429,10.875399,2.555943,0.434294,0.34375,2.748723,1.0,0.01,0.5,77.279491,11.0,2314.0,37.0,-0.0314,-201.0969,6400.0
241,11.0,0.0,0.0,5.0,4.28,4.0,0.8,0.028441,10.753682,2.555943,0.743377,0.53125,2.714305,1.0,0.01,0.5,65.565781,11.0,2314.0,37.0,0.0651,416.8624,6400.0
242,11.0,0.0,0.0,5.0,4.28,5.0,0.8,0.051353,10.984244,2.555943,0.443641,0.421875,2.794859,1.0,0.01,0.5,59.593868,11.0,2314.0,37.0,0.062,396.5137,6400.0
243,11.0,0.0,0.0,5.0,4.28,6.0,0.8,-0.104066,7.126847,2.555943,0.652456,0.359375,1.67509,1.0,0.01,0.5,63.299023,11.0,2314.0,37.0,0.1233,788.9396,6400.0
244,11.0,1.0,1.0,5.0,4.28,7.0,0.8,0.069563,11.794148,2.555943,0.848498,0.453125,3.015544,1.0,0.01,0.5,83.336709,11.0,2128.0,34.0,0.1386,886.9327,6400.0
245,11.0,0.0,0.0,5.0,4.28,0.0,0.8,0.028683,7.416734,2.555943,0.435587,0.3125,1.880311,1.0,0.01,0.5,77.034856,11.0,2128.0,34.0,0.0496,317.4051,6400.0
246,11.0,0.0,0.0,5.0,4.28,1.0,0.8,0.259879,12.94265,2.555943,0.38362,0.3125,3.492985,1.0,0.01,0.5,75.547416,11.0,2128.0,34.0,0.0728,465.7135,6400.0
247,11.0,0.0,0.0,5.0,4.28,2.0,0.8,-0.116115,12.169822,2.555943,0.489573,0.328125,2.923785,1.0,0.01,0.5,73.974394,11.0,2128.0,34.0,-0.1021,-653.1427,6400.0
248,11.0,0.0,0.0,5.0,4.28,3.0,0.8,0.080229,10.897131,2.555943,0.65826,0.484375,2.801956,1.0,0.01,0.5,66.191647,11.0,2128.0,34.0,-0.1435,-918.562,6400.0
249,11.0,0.0,0.0,5.0,4.28,4.0,0.8,-0.051461,10.515374,2.555943,0.630476,0.34375,2.574827,1.0,0.01,0.5,63.634428,11.0,2128.0,34.0,0.1295,829.0829,6400.0
250,11.0,0.0,0.0,5.0,4.28,5.0,0.8,0.03172,8.84137,2.555943,0.363991,0.34375,2.239506,1.0,0.01,0.5,60.724176,11.0,2128.0,34.0,0.134,857.6665,6400.0
251,11.0,2.0,2.0,5.0,4.28,6.0,0.8,0.262692,4.87304,2.555943,0.660486,0.484375,1.478396,1.0,0.01,0.5,68.86118,11.0,2126.0,34.0,-0.0447,-285.89,6400.0
252,11.0,0.0,0.0,5.0,4.28,7.0,0.8,0.212593,31.797459,2.555943,0.58411,0.515625,8.159402,1.0,0.01,0.5,65.21801,11.0,2126.0,34.0,-0.3046,-1949.3661,6400.0
253,11.0,0.0,0.0,5.0,4.28,0.0,0.8,0.244014,7.525564,2.555943,0.459585,0.3125,2.122849,1.0,0.01,0.5,65.089821,11.0,2126.0,34.0,-0.1164,-745.0135,6400.0
254,11.0,0.0,0.0,5.0,4.28,1.0,0.8,-0.048577,6.399362,2.555943,0.764071,0.4375,1.548707,1.0,0.01,0.5,66.116333,11.0,2126.0,34.0,0.1157,740.3647,6400.0
255,11.0,0.0,0.0,5.0,4.28,2.0,0.8,0.030247,14.158804,2.555943,0.863496,0.28125,3.567392,1.0,0.01,0.5,68.333218,11.0,2126.0,34.0,-0.0196,-125.6626,6400.0
256,11.0,0.0,0.0,5.0,4.28,3.0,0.8,0.175443,5.068023,2.555943,0.776161,0.40625,1.439892,1.0,0.01,0.5,60.165521,11.0,2126.0,34.0,0.1351,864.5532,6400.0
257,11.0,0.0,0.0,5.0,4.28,4.0,0.8,0.219506,7.621305,2.555943,0.50007,0.359375,2.122276,1.0,0.01,0.5,56.422204,11.0,2126.0,34.0,0.1396,893.7574,6400.0
258,11.0,0.0,0.0,5.0,4.28,5.0,0.8,0.065488,33.186745,2.555943,0.512907,0.359375,8.359619,1.0,0.01,0.5,59.52297,11.0,2126.0,34.0,-0.8412,-5383.5796,6400.0
259,11.0,0.0,0.0,5.0,4.28,6.0,0.8,-0.015987,5.63604,2.555943,0.695897,0.265625,1.390467,1.0,0.01,0.5,57.785114,11.0,2126.0,34.0,0.1159,741.7915,6400.0
260,11.0,0.0,0.0,5.0,4.28,7.0,0.8,0.27575,27.554405,2.555943,0.465883,0.375,7.161796,1.0,0.01,0.5,56.275145,11.0,2126.0,34.0,-0.1787,-1143.4714,6400.0
261,11.0,0.0,0.0,5.0,4.28,0.0,0.8,-0.083089,11.463763,2.555943,0.59495,0.375,2.780296,1.0,0.01,0.5,56.945425,11.0,2126.0,34.0,-0.4855,-3107.2046,6400.0
262,11.0,0.0,0.0,5.0,4.28,1.0,0.8,-0.162492,6.938478,2.555943,0.875097,0.40625,1.569572,1.0,0.01,0.5,59.709249,11.0,2126.0,34.0,-0.1828,-1169.6798,6400.0
263,11.0,0.0,0.0,5.0,4.28,2.0,0.8,-0.101249,6.338823,2.555943,0.439065,0.28125,1.480901,1.0,0.01,0.5,56.365571,11.0,2126.0,34.0,-0.2751,-1760.8188,6400.0
264,11.0,0.0,0.0,5.0,4.28,3.0,0.8,0.073509,13.753047,2.555943,0.715702,0.40625,3.509215,1.0,0.01,0.5,56.530875,11.0,2126.0,34.0,0.062,396.5157,6400.0
265,11.0,0.0,0.0,5.0,4.28,4.0,0.8,0.099498,11.703484,2.555943,0.52053,0.4375,3.022813,1.0,0.01,0.5,59.336778,11.0,2126.0,34.0,-0.0072,-45.8205,6400.0
266,11.0,0.0,0.0,5.0,4.28,5.0,0.8,0.001979,7.032986,2.555943,0.610543,0.34375,1.75767,1.0,0.01,0.5,52.901173,11.0,2126.0,34.0,0.1094,699.9,6400.0
267,11.0,0.0,0.0,5.0,4.28,6.0,0.8,0.079271,6.234085,2.555943,0.886339,0.390625,1.635236,1.0,0.01,0.5,56.289841,11.0,2126.0,34.0,0.1544,987.9739,6400.0
268,11.0,0.0,0.0,5.0,4.28,7.0,0.8,-0.031342,6.324033,2.555943,0.224624,0.21875,1.54711,1.0,0.01,0.5,53.20901,11.0,2126.0,34.0,0.0551,352.621,6400.0
269,11.0,0.0,0.0,5.0,4.28,0.0,0.8,0.182595,5.901291,2.555943,0.635345,0.421875,1.655362,1.0,0.01,0.5,55.644497,11.0,2126.0,34.0,0.146,934.2895,6400.0
270,11.0,0.0,0.0,5.0,4.28,1.0,0.8,0.102872,6.79769,2.555943,0.72964,0.328125,1.799739,1.0,0.01,0.5,53.696217,11.0,2126.0,34.0,0.105,672.0651,6400.0
271,11.0,0.0,0.0,5.0,4.28,2.0,0.8,0.051452,8.21731,2.555943,0.506149,0.296875,2.103223,1.0,0.01,0.5,56.25475,11.0,2126.0,34.0,-0.1107,-708.2885,6400.0
272,11.0,0.0,0.0,5.0,4.28,3.0,0.8,0.235936,24.355232,2.555943,0.75188,0.34375,6.322188,1.0,0.01,0.5,51.904761,11.0,2126.0,34.0,-0.1925,-1232.2983,6400.0
273,11.0,0.0,0.0,5.0,4.28,4.0,0.8,0.032399,6.875651,2.555943,0.38988,0.3125,1.748756,1.0,0.01,0.5,49.736138,11.0,2126.0,34.0,0.1418,907.3208,6400.0
274,11.0,0.0,0.0,5.0,4.28,5.0,0.8,0.040849,8.123031,2.555943,0.726065,0.328125,2.069051,1.0,0.01,0.5,50.191546,11.0,2126.0,34.0,-0.4726,-3024.6259,6400.0
275,11.0,0.0,0.0,5.0,4.28,6.0,0.8,0.141634,10.139202,2.555943,0.516076,0.296875,2.673879,1.0,0.01,0.5,52.788757,11.0,2126.0,34.0,-0.2604,-1666.5735,6400.0
276,11.0,0.0,0.0,5.0,4.28,7.0,0.8,0.052245,9.486055,2.555943,0.58338,0.390625,2.421203,1.0,0.01,0.5,51.293921,11.0,2126.0,34.0,0.1269,812.1306,6400.0
277,11.0,0.0,0.0,5.0,4.28,0.0,0.8,-0.024514,11.581041,2.555943,0.948349,0.390625,2.86819,1.0,0.01,0.5,49.7613,11.0,2126.0,34.0,0.1182,756.376,6400.0
278,11.0,0.0,0.0,5.0,4.28,1.0,0.8,0.314872,33.942886,2.555943,0.452628,0.296875,8.798038,1.0,0.01,0.5,48.539991,11.0,2126.0,34.0,-0.2181,-1395.8426,6400.0
279,11.0,0.0,0.0,5.0,4.28,2.0,0.8,0.049723,8.063941,2.555943,0.581461,0.421875,2.063153,1.0,0.01,0.5,48.228303,11.0,2126.0,34.0,0.1366,874.376,6400.0
280,11.0,0.0,0.0,5.0,4.28,3.0,0.8,0.139787,9.842695,2.555943,0.376667,0.359375,2.597905,1.0,0.01,0.5,45.689664,11.0,2126.0,34.0,0.1247,798.3072,6400.0
281,11.0,0.0,0.0,5.0,4.28,4.0,0.8,0.05517,6.536723,2.555943,0.719108,0.46875,1.686795,1.0,0.01,0.5,46.219901,11.0,2126.0,34.0,0.0219,140.2696,6400.0
282,11.0,0.0,0.0,5.0,4.28,5.0,0.8,0.034725,10.64021,2.555943,0.199712,0.25,2.692222,1.0,0.01,0.5,41.902405,11.0,2126.0,34.0,-0.1125,-720.0977,6400.0
283,11.0,0.0,0.0,5.0,4.28,6.0,0.8,0.257324,7.595054,2.555943,0.587193,0.40625,2.153532,1.0,0.01,0.5,50.488357,11.0,2126.0,34.0,0.0426,272.8441,6400.0
284,11.0,0.0,0.0,5.0,4.28,7.0,0.8,-0.003622,13.313868,2.555943,0.934792,0.328125,3.322289,1.0,0.01,0.5,52.206907,11.0,2126.0,34.0,0.0882,564.2501,6400.0
285,11.0,0.0,0.0,5.0,4.28,0.0,0.8,0.170938,14.366434,2.555943,0.515033,0.265625,3.759991,1.0,0.01,0.5,49.63309,11.0,2126.0,34.0,0.0803,513.619,6400.0
286,11.0,1.0,1.0,5.0,4.28,1.0,0.8,0.080778,7.452655,2.555943,0.967094,0.46875,1.941386,1.0,0.01,0.5,85.89884,11.0,2139.0,34.0,-0.2997,-1918.1756,6400.0
287,11.0,0.0,0.0,5.0,4.28,2.0,0.8,-0.050213,12.983431,2.555943,0.602746,0.328125,3.193089,1.0,0.01,0.5,67.684832,11.0,2139.0,34.0,-0.5633,-3605.3829,6400.0
288,11.0,0.0,0.0,5.0,4.28,3.0,0.8,0.142527,13.589424,2.555943,0.47959,0.34375,3.537327,1.0,0.01,0.5,62.922473,11.0,2139.0,34.0,-0.1893,-1211.7593,6400.0
289,11.0,0.0,0.0,5.0,4.28,4.0,0.8,0.113021,13.604698,2.555943,0.470568,0.296875,3.51164,1.0,0.01,0.5,62.609381,11.0,2139.0,34.0,-0.0232,-148.3655,6400.0
290,11.0,0.0,0.0,5.0,4.28,5.0,0.8,-0.053659,7.514527,2.555943,0.886647,0.53125,1.822417,1.0,0.01,0.5,53.99299,11.0,2139.0,34.0,0.1403,898.1326,6400.0
